FID,配号来源,用海一级类,用海二级类,用海方式
0,初始登记,渔业用海,围海养殖用海,围海养殖
1,初始登记,渔业用海,开放式养殖用海,开放式养殖
2,初始登记,渔业用海,开放式养殖用海,开放式养殖
3,初始登记,渔业用海,开放式养殖用海,开放式养殖
4,初始登记,渔业用海,开放式养殖用海,开放式养殖
5,变更登记,渔业用海,开放式养殖用海,开放式养殖
6,变更登记,渔业用海,开放式养殖用海,开放式养殖
7,变更登记,渔业用海,开放式养殖用海,开放式养殖
8,变更登记,渔业用海,围海养殖用海,非透水构筑物
9,变更登记,渔业用海,围海养殖用海,围海养殖
10,变更登记,渔业用海,围海养殖用海,非透水构筑物
11,变更登记,渔业用海,围海养殖用海,非透水构筑物
12,变更登记,渔业用海,围海养殖用海,非透水构筑物
13,变更登记,渔业用海,开放式养殖用海,开放式养殖
14,初始登记,渔业用海,围海养殖用海,围海养殖
15,变更登记,渔业用海,开放式养殖用海,开放式养殖
16,变更登记,渔业用海,开放式养殖用海,开放式养殖
17,变更登记,渔业用海,开放式养殖用海,开放式养殖
18,变更登记,渔业用海,开放式养殖用海,开放式养殖
19,变更登记,渔业用海,开放式养殖用海,开放式养殖
20,变更登记,渔业用海,开放式养殖用海,开放式养殖
21,变更登记,渔业用海,开放式养殖用海,开放式养殖
22,变更登记,渔业用海,开放式养殖用海,开放式养殖
23,初始登记,渔业用海,围海养殖用海,围海养殖
24,变更登记,渔业用海,开放式养殖用海,开放式养殖
25,变更登记,渔业用海,开放式养殖用海,开放式养殖
26,变更登记,渔业用海,开放式养殖用海,开放式养殖
27,变更登记,渔业用海,开放式养殖用海,开放式养殖
28,初始登记,交通运输用海,港口用海,建设填海造地
29,初始登记,交通运输用海,港口用海,建设填海造地
30,初始登记,交通运输用海,港口用海,建设填海造地
31,初始登记,交通运输用海,港口用海,建设填海造地
32,变更登记,渔业用海,开放式养殖用海,开放式养殖
33,变更登记,渔业用海,开放式养殖用海,开放式养殖
34,初始登记,渔业用海,围海养殖用海,围海养殖
35,初始登记,渔业用海,围海养殖用海,非透水构筑物
36,初始登记,渔业用海,围海养殖用海,非透水构筑物
37,初始登记,渔业用海,围海养殖用海,非透水构筑物
38,初始登记,渔业用海,围海养殖用海,围海养殖
39,初始登记,渔业用海,围海养殖用海,围海养殖
40,初始登记,渔业用海,围海养殖用海,围海养殖
41,初始登记,渔业用海,围海养殖用海,围海养殖
42,初始登记,渔业用海,围海养殖用海,围海养殖
43,初始登记,渔业用海,围海养殖用海,围海养殖
44,初始登记,渔业用海,围海养殖用海,围海养殖
45,初始登记,渔业用海,围海养殖用海,围海养殖
46,初始登记,渔业用海,围海养殖用海,围海养殖
47,初始登记,渔业用海,围海养殖用海,围海养殖
48,初始登记,渔业用海,围海养殖用海,围海养殖
49,初始登记,渔业用海,围海养殖用海,开放式养殖
50,变更登记,渔业用海,开放式养殖用海,开放式养殖
51,变更登记,渔业用海,开放式养殖用海,开放式养殖
52,初始登记,工业用海,电力工业用海,非透水构筑物
53,初始登记,工业用海,电力工业用海,非透水构筑物
54,初始登记,工业用海,电力工业用海,非透水构筑物
55,初始登记,工业用海,电力工业用海,非透水构筑物
56,初始登记,工业用海,电力工业用海,非透水构筑物
57,初始登记,工业用海,电力工业用海,非透水构筑物
58,初始登记,工业用海,电力工业用海,非透水构筑物
59,初始登记,工业用海,电力工业用海,非透水构筑物
60,初始登记,工业用海,电力工业用海,非透水构筑物
61,初始登记,造地工程用海,城镇建设填海造地用海,建设填海造地
62,初始登记,工业用海,电力工业用海,非透水构筑物
63,初始登记,工业用海,电力工业用海,非透水构筑物
64,初始登记,工业用海,电力工业用海,非透水构筑物
65,初始登记,工业用海,电力工业用海,非透水构筑物
66,初始登记,工业用海,电力工业用海,非透水构筑物
67,初始登记,工业用海,电力工业用海,非透水构筑物
68,初始登记,工业用海,电力工业用海,非透水构筑物
69,初始登记,工业用海,电力工业用海,非透水构筑物
70,初始登记,工业用海,电力工业用海,非透水构筑物
71,初始登记,渔业用海,围海养殖用海,围海养殖
72,初始登记,其它用海, ,透水构筑物
73,初始登记,渔业用海,渔业基础设施用海,透水构筑物
74,初始登记,其它用海, ,透水构筑物
75,初始登记,造地工程用海,城镇建设填海造地用海,建设填海造地
76,初始登记,造地工程用海,城镇建设填海造地用海,建设填海造地
77,初始登记,渔业用海,开放式养殖用海,开放式养殖
78,初始登记,工业用海,电力工业用海,非透水构筑物
79,初始登记,工业用海,电力工业用海,非透水构筑物
80,初始登记,工业用海,电力工业用海,非透水构筑物
81,初始登记,造地工程用海,城镇建设填海造地用海,建设填海造地
82,初始登记,工业用海,电力工业用海,非透水构筑物
83,初始登记,工业用海,电力工业用海,非透水构筑物
84,初始登记,渔业用海,开放式养殖用海,开放式养殖
85,初始登记,工业用海,电力工业用海,非透水构筑物
86,初始登记,造地工程用海,城镇建设填海造地用海,建设填海造地
87,初始登记,工业用海,电力工业用海,非透水构筑物
88,初始登记,工业用海,电力工业用海,非透水构筑物
89,初始登记,工业用海,电力工业用海,非透水构筑物
90,初始登记,工业用海,电力工业用海,非透水构筑物
91,初始登记,工业用海,电力工业用海,非透水构筑物
92,初始登记,工业用海,电力工业用海,非透水构筑物
93,初始登记,工业用海,电力工业用海,非透水构筑物
94,变更登记,渔业用海,开放式养殖用海,开放式养殖
95,变更登记,渔业用海,开放式养殖用海,开放式养殖
96,初始登记,渔业用海,围海养殖用海,围海养殖
97,初始登记,渔业用海,围海养殖用海,围海养殖
98,初始登记,渔业用海,围海养殖用海,围海养殖
99,初始登记,渔业用海,围海养殖用海,围海养殖
100,初始登记,渔业用海,围海养殖用海,围海养殖
101,初始登记,工业用海,电力工业用海,非透水构筑物
102,初始登记,造地工程用海,城镇建设填海造地用海,建设填海造地
103,初始登记,工业用海,电力工业用海,非透水构筑物
104,初始登记,工业用海,电力工业用海,非透水构筑物
105,初始登记,工业用海,电力工业用海,非透水构筑物
106,初始登记,工业用海,电力工业用海,非透水构筑物
107,初始登记,工业用海,电力工业用海,非透水构筑物
108,初始登记,造地工程用海,城镇建设填海造地用海,建设填海造地
109,初始登记,工业用海,电力工业用海,非透水构筑物
110,初始登记,造地工程用海,城镇建设填海造地用海,建设填海造地
111,初始登记,工业用海,电力工业用海,非透水构筑物
112,初始登记,工业用海,电力工业用海,非透水构筑物
113,初始登记,工业用海,电力工业用海,非透水构筑物
114,初始登记,造地工程用海,城镇建设填海造地用海,建设填海造地
115,初始登记,造地工程用海,城镇建设填海造地用海,建设填海造地
116,初始登记,工业用海,电力工业用海,非透水构筑物
117,初始登记,工业用海,电力工业用海,非透水构筑物
118,初始登记,渔业用海,围海养殖用海,围海养殖
119,初始登记,渔业用海,围海养殖用海,围海养殖
120,初始登记,渔业用海,围海养殖用海,围海养殖
121,初始登记,工业用海,电力工业用海,建设填海造地
122,初始登记,造地工程用海,城镇建设填海造地用海,建设填海造地
123,初始登记,工业用海,电力工业用海,非透水构筑物
124,初始登记,造地工程用海,城镇建设填海造地用海,建设填海造地
125,初始登记,渔业用海,开放式养殖用海,开放式养殖
126,初始登记,工业用海,电力工业用海,非透水构筑物
127,初始登记,工业用海,电力工业用海,非透水构筑物
128,初始登记,工业用海,电力工业用海,非透水构筑物
129,初始登记,工业用海,电力工业用海,非透水构筑物
130,初始登记,工业用海,电力工业用海,非透水构筑物
131,初始登记,工业用海,电力工业用海,非透水构筑物
132,初始登记,工业用海,电力工业用海,非透水构筑物
133,初始登记,工业用海,电力工业用海,非透水构筑物
134,初始登记,工业用海,电力工业用海,非透水构筑物
135,初始登记,工业用海,电力工业用海,非透水构筑物
136,初始登记,工业用海,电力工业用海,非透水构筑物
137,初始登记,工业用海,电力工业用海,非透水构筑物
138,初始登记,工业用海,电力工业用海,非透水构筑物
139,初始登记,渔业用海,围海养殖用海,围海养殖
140,初始登记,渔业用海,开放式养殖用海,开放式养殖
141,初始登记,渔业用海,围海养殖用海,围海养殖
142,初始登记,渔业用海,开放式养殖用海,开放式养殖
143,初始登记,渔业用海,围海养殖用海,围海养殖
144,初始登记,造地工程用海,城镇建设填海造地用海,建设填海造地
145,初始登记,造地工程用海,城镇建设填海造地用海,建设填海造地
146,初始登记,工业用海,电力工业用海,非透水构筑物
147,初始登记,造地工程用海,城镇建设填海造地用海,建设填海造地
148,初始登记,渔业用海,围海养殖用海,开放式养殖
149,初始登记,工业用海,电力工业用海,非透水构筑物
150,初始登记,工业用海,电力工业用海,非透水构筑物
151,初始登记,工业用海,电力工业用海,非透水构筑物
152,初始登记,工业用海,电力工业用海,非透水构筑物
153,初始登记,造地工程用海,城镇建设填海造地用海,建设填海造地
154,初始登记,工业用海,电力工业用海,非透水构筑物
155,初始登记,工业用海,电力工业用海,非透水构筑物
156,初始登记,工业用海,电力工业用海,非透水构筑物
157,初始登记,工业用海,电力工业用海,非透水构筑物
158,初始登记,工业用海,电力工业用海,非透水构筑物
159,初始登记,造地工程用海,城镇建设填海造地用海,建设填海造地
160,初始登记,工业用海,电力工业用海,非透水构筑物
161,初始登记,工业用海,电力工业用海,非透水构筑物
162,初始登记,工业用海,电力工业用海,非透水构筑物
163,初始登记,工业用海,电力工业用海,非透水构筑物
164,初始登记,工业用海,电力工业用海,非透水构筑物
165,初始登记,工业用海,电力工业用海,非透水构筑物
166,初始登记,工业用海,电力工业用海,非透水构筑物
167,初始登记,工业用海,电力工业用海,非透水构筑物
168,初始登记,造地工程用海,城镇建设填海造地用海,建设填海造地
169,初始登记,工业用海,电力工业用海,非透水构筑物
170,初始登记,工业用海,电力工业用海,非透水构筑物
171,初始登记,工业用海,电力工业用海,非透水构筑物
172,初始登记,工业用海,电力工业用海,非透水构筑物
173,初始登记,工业用海,电力工业用海,非透水构筑物
174,初始登记,渔业用海,围海养殖用海,开放式养殖
175,初始登记,工业用海,电力工业用海,非透水构筑物
176,初始登记,工业用海,电力工业用海,非透水构筑物
177,初始登记,工业用海,电力工业用海,非透水构筑物
178,初始登记,工业用海,电力工业用海,非透水构筑物
179,初始登记,工业用海,电力工业用海,非透水构筑物
180,初始登记,工业用海,电力工业用海,非透水构筑物
181,初始登记,工业用海,电力工业用海,非透水构筑物
182,初始登记,工业用海,电力工业用海,非透水构筑物
183,初始登记,工业用海,电力工业用海,非透水构筑物
184,初始登记,工业用海,电力工业用海,非透水构筑物
185,初始登记,造地工程用海,城镇建设填海造地用海,建设填海造地
186,初始登记,工业用海,电力工业用海,非透水构筑物
187,初始登记,工业用海,电力工业用海,非透水构筑物
188,初始登记,渔业用海,围海养殖用海,围海养殖
189,初始登记,渔业用海,围海养殖用海,围海养殖
190,初始登记,工业用海,电力工业用海,非透水构筑物
191,初始登记,渔业用海,围海养殖用海,围海养殖
192,初始登记,渔业用海,围海养殖用海,围海养殖
193,初始登记,工业用海,电力工业用海,非透水构筑物
194,初始登记,渔业用海,围海养殖用海,围海养殖
195,初始登记,渔业用海,围海养殖用海,围海养殖
196,初始登记,渔业用海,围海养殖用海,围海养殖
197,初始登记,造地工程用海,城镇建设填海造地用海,建设填海造地
198,初始登记,造地工程用海,城镇建设填海造地用海,建设填海造地
199,初始登记,工业用海,电力工业用海,非透水构筑物
200,初始登记,工业用海,电力工业用海,非透水构筑物
201,初始登记,工业用海,电力工业用海,非透水构筑物
202,初始登记,工业用海,电力工业用海,非透水构筑物
203,初始登记,造地工程用海,城镇建设填海造地用海,建设填海造地
204,初始登记,工业用海,电力工业用海,非透水构筑物
205,初始登记,工业用海,电力工业用海,非透水构筑物
206,初始登记,工业用海,电力工业用海,非透水构筑物
207,初始登记,工业用海,电力工业用海,非透水构筑物
208,初始登记,工业用海,电力工业用海,非透水构筑物
209,初始登记,工业用海,电力工业用海,非透水构筑物
210,初始登记,工业用海,电力工业用海,非透水构筑物
211,初始登记,工业用海,电力工业用海,非透水构筑物
212,初始登记,工业用海,电力工业用海,非透水构筑物
213,初始登记,造地工程用海,城镇建设填海造地用海,建设填海造地
214,初始登记,工业用海,电力工业用海,非透水构筑物
215,初始登记,工业用海,电力工业用海,非透水构筑物
216,初始登记,工业用海,电力工业用海,非透水构筑物
217,初始登记,工业用海,电力工业用海,非透水构筑物
218,初始登记,工业用海,电力工业用海,非透水构筑物
219,初始登记,工业用海,电力工业用海,非透水构筑物
220,初始登记,工业用海,电力工业用海,非透水构筑物
221,初始登记,工业用海,电力工业用海,非透水构筑物
222,初始登记,工业用海,电力工业用海,非透水构筑物
223,初始登记,渔业用海,开放式养殖用海,开放式养殖
224,初始登记,工业用海,电力工业用海,非透水构筑物
225,初始登记,工业用海,电力工业用海,非透水构筑物
226,初始登记,工业用海,电力工业用海,非透水构筑物
227,初始登记,工业用海,电力工业用海,非透水构筑物
228,初始登记,渔业用海,围海养殖用海,围海养殖
229,初始登记,渔业用海,围海养殖用海,围海养殖
230,初始登记,渔业用海,围海养殖用海,围海养殖
231,初始登记,造地工程用海,城镇建设填海造地用海,建设填海造地
232,初始登记,造地工程用海,城镇建设填海造地用海,建设填海造地
233,初始登记,工业用海,电力工业用海,非透水构筑物
234,初始登记,造地工程用海,城镇建设填海造地用海,建设填海造地
235,初始登记,工业用海,电力工业用海,非透水构筑物
236,初始登记,造地工程用海,城镇建设填海造地用海,建设填海造地
237,初始登记,工业用海,电力工业用海,非透水构筑物
238,初始登记,工业用海,电力工业用海,非透水构筑物
239,初始登记,工业用海,电力工业用海,非透水构筑物
240,初始登记,工业用海,电力工业用海,非透水构筑物
241,初始登记,工业用海,电力工业用海,非透水构筑物
242,初始登记,工业用海,电力工业用海,非透水构筑物
243,初始登记,工业用海,电力工业用海,非透水构筑物
244,初始登记,工业用海,电力工业用海,非透水构筑物
245,初始登记,工业用海,电力工业用海,非透水构筑物
246,初始登记,工业用海,电力工业用海,非透水构筑物
247,初始登记,工业用海,电力工业用海,非透水构筑物
248,初始登记,造地工程用海,城镇建设填海造地用海,建设填海造地
249,初始登记,工业用海,电力工业用海,非透水构筑物
250,初始登记,造地工程用海,城镇建设填海造地用海,建设填海造地
251,初始登记,工业用海,电力工业用海,非透水构筑物
252,初始登记,工业用海,电力工业用海,非透水构筑物
253,初始登记,造地工程用海,城镇建设填海造地用海,建设填海造地
254,初始登记,工业用海,电力工业用海,非透水构筑物
255,初始登记,工业用海,电力工业用海,非透水构筑物
256,初始登记,工业用海,电力工业用海,非透水构筑物
257,初始登记,工业用海,电力工业用海,非透水构筑物
258,初始登记,工业用海,电力工业用海,非透水构筑物
259,初始登记,工业用海,电力工业用海,非透水构筑物
260,初始登记,工业用海,电力工业用海,非透水构筑物
261,初始登记,工业用海,电力工业用海,非透水构筑物
262,初始登记,工业用海,电力工业用海,非透水构筑物
263,初始登记,造地工程用海,城镇建设填海造地用海,建设填海造地
264,初始登记,工业用海,电力工业用海,非透水构筑物
265,初始登记,工业用海,电力工业用海,非透水构筑物
266,初始登记,工业用海,电力工业用海,非透水构筑物
267,初始登记,工业用海,电力工业用海,非透水构筑物
268,初始登记,造地工程用海,城镇建设填海造地用海,建设填海造地
269,初始登记,造地工程用海,城镇建设填海造地用海,建设填海造地
270,初始登记,工业用海,电力工业用海,非透水构筑物
271,初始登记,工业用海,电力工业用海,非透水构筑物
272,初始登记,工业用海,电力工业用海,非透水构筑物
273,初始登记,工业用海,电力工业用海,非透水构筑物
274,初始登记,工业用海,电力工业用海,非透水构筑物
275,初始登记,工业用海,电力工业用海,建设填海造地
276,初始登记,工业用海,电力工业用海,非透水构筑物
277,初始登记,工业用海,电力工业用海,非透水构筑物
278,初始登记,工业用海,电力工业用海,非透水构筑物
279,初始登记,工业用海,电力工业用海,非透水构筑物
280,初始登记,工业用海,电力工业用海,非透水构筑物
281,初始登记,工业用海,电力工业用海,非透水构筑物
282,初始登记,工业用海,电力工业用海,非透水构筑物
283,初始登记,工业用海,电力工业用海,非透水构筑物
284,初始登记,工业用海,电力工业用海,非透水构筑物
285,初始登记,工业用海,电力工业用海,非透水构筑物
286,初始登记,工业用海,电力工业用海,非透水构筑物
287,初始登记,工业用海,电力工业用海,非透水构筑物
288,初始登记,工业用海,电力工业用海,非透水构筑物
289,初始登记,工业用海,电力工业用海,非透水构筑物
290,初始登记,工业用海,电力工业用海,非透水构筑物
291,初始登记,工业用海,电力工业用海,非透水构筑物
292,初始登记,造地工程用海,城镇建设填海造地用海,建设填海造地
293,初始登记,工业用海,电力工业用海,非透水构筑物
294,初始登记,工业用海,电力工业用海,非透水构筑物
295,初始登记,工业用海,电力工业用海,非透水构筑物
296,初始登记,造地工程用海,城镇建设填海造地用海,建设填海造地
297,初始登记,工业用海,电力工业用海,非透水构筑物
298,初始登记,工业用海,电力工业用海,非透水构筑物
299,初始登记,工业用海,电力工业用海,非透水构筑物
300,初始登记,工业用海,电力工业用海,非透水构筑物
301,初始登记,工业用海,电力工业用海,非透水构筑物
302,初始登记,造地工程用海,城镇建设填海造地用海,建设填海造地
303,初始登记,工业用海,电力工业用海,非透水构筑物
304,初始登记,工业用海,电力工业用海,非透水构筑物
305,初始登记,渔业用海,开放式养殖用海,开放式养殖
306,初始登记,渔业用海,围海养殖用海,围海养殖
307,初始登记,工业用海,电力工业用海,非透水构筑物
308,初始登记,造地工程用海,城镇建设填海造地用海,建设填海造地
309,初始登记,工业用海,电力工业用海,非透水构筑物
310,初始登记,渔业用海,围海养殖用海,围海养殖
311,初始登记,工业用海,电力工业用海,非透水构筑物
312,初始登记,工业用海,电力工业用海,非透水构筑物
313,初始登记,工业用海,电力工业用海,非透水构筑物
314,初始登记,工业用海,电力工业用海,非透水构筑物
315,初始登记,工业用海,电力工业用海,非透水构筑物
316,初始登记,工业用海,电力工业用海,非透水构筑物
317,初始登记,工业用海,电力工业用海,非透水构筑物
318,初始登记,工业用海,电力工业用海,非透水构筑物
319,初始登记,渔业用海,围海养殖用海,围海养殖
320,初始登记,工业用海,电力工业用海,非透水构筑物
321,初始登记,工业用海,电力工业用海,非透水构筑物
322,初始登记,工业用海,电力工业用海,非透水构筑物
323,初始登记,工业用海,电力工业用海,非透水构筑物
324,初始登记,工业用海,电力工业用海,非透水构筑物
325,初始登记,工业用海,电力工业用海,非透水构筑物
326,初始登记,工业用海,电力工业用海,非透水构筑物
327,初始登记,工业用海,电力工业用海,非透水构筑物
328,变更登记,渔业用海,围海养殖用海,围海养殖
329,初始登记,渔业用海,围海养殖用海,围海养殖
330,初始登记,渔业用海,围海养殖用海,围海养殖
331,变更登记,渔业用海,开放式养殖用海,开放式养殖
332,初始登记,造地工程用海,城镇建设填海造地用海,建设填海造地
333,初始登记,工业用海,电力工业用海,非透水构筑物
334,初始登记,工业用海,电力工业用海,非透水构筑物
335,初始登记,工业用海,电力工业用海,非透水构筑物
336,初始登记,造地工程用海,城镇建设填海造地用海,建设填海造地
337,初始登记,工业用海,电力工业用海,非透水构筑物
338,初始登记,造地工程用海,城镇建设填海造地用海,建设填海造地
339,初始登记,工业用海,电力工业用海,非透水构筑物
340,初始登记,工业用海,电力工业用海,非透水构筑物
341,初始登记,工业用海,电力工业用海,非透水构筑物
342,初始登记,工业用海,电力工业用海,非透水构筑物
343,初始登记,工业用海,电力工业用海,非透水构筑物
344,初始登记,工业用海,电力工业用海,非透水构筑物
345,初始登记,工业用海,电力工业用海,非透水构筑物
346,初始登记,造地工程用海,城镇建设填海造地用海,建设填海造地
347,初始登记,渔业用海,开放式养殖用海,围海养殖
348,初始登记,渔业用海,围海养殖用海,围海养殖
349,初始登记,渔业用海,围海养殖用海,围海养殖
350,初始登记,渔业用海,开放式养殖用海,开放式养殖
351,初始登记,造地工程用海,城镇建设填海造地用海,建设填海造地
352,初始登记,造地工程用海,城镇建设填海造地用海,建设填海造地
353,初始登记,造地工程用海,城镇建设填海造地用海,建设填海造地
354,初始登记,工业用海,电力工业用海,非透水构筑物
355,初始登记,工业用海,电力工业用海,非透水构筑物
356,初始登记,工业用海,电力工业用海,非透水构筑物
357,初始登记,工业用海,电力工业用海,非透水构筑物
358,初始登记,工业用海,电力工业用海,非透水构筑物
359,初始登记,工业用海,电力工业用海,非透水构筑物
360,初始登记,工业用海,电力工业用海,非透水构筑物
361,初始登记,工业用海,电力工业用海,非透水构筑物
362,初始登记,造地工程用海,城镇建设填海造地用海,建设填海造地
363,初始登记,工业用海,电力工业用海,非透水构筑物
364,初始登记,工业用海,电力工业用海,非透水构筑物
365,初始登记,渔业用海,围海养殖用海,围海养殖
366,初始登记,工业用海,电力工业用海,非透水构筑物
367,初始登记,渔业用海,开放式养殖用海,开放式养殖
368,初始登记,工业用海,电力工业用海,非透水构筑物
369,初始登记,造地工程用海,城镇建设填海造地用海,建设填海造地
370,初始登记,工业用海,电力工业用海,非透水构筑物
371,初始登记,工业用海,电力工业用海,非透水构筑物
372,初始登记,工业用海,电力工业用海,非透水构筑物
373,初始登记,工业用海,电力工业用海,非透水构筑物
374,初始登记,工业用海,电力工业用海,非透水构筑物
375,初始登记,工业用海,电力工业用海,非透水构筑物
376,初始登记,工业用海,电力工业用海,非透水构筑物
377,初始登记,工业用海,电力工业用海,非透水构筑物
378,初始登记,工业用海,电力工业用海,非透水构筑物
379,初始登记,工业用海,电力工业用海,非透水构筑物
380,初始登记,工业用海,电力工业用海,非透水构筑物
381,初始登记,造地工程用海,城镇建设填海造地用海,建设填海造地
382,初始登记,工业用海,电力工业用海,非透水构筑物
383,初始登记,造地工程用海,城镇建设填海造地用海,建设填海造地
384,初始登记,造地工程用海,城镇建设填海造地用海,建设填海造地
385,初始登记,工业用海,电力工业用海,非透水构筑物
386,初始登记,工业用海,电力工业用海,非透水构筑物
387,初始登记,工业用海,电力工业用海,非透水构筑物
388,初始登记,造地工程用海,城镇建设填海造地用海,建设填海造地
389,初始登记,造地工程用海,城镇建设填海造地用海,建设填海造地
390,初始登记,工业用海,电力工业用海,非透水构筑物
391,初始登记,工业用海,电力工业用海,非透水构筑物
392,初始登记,工业用海,电力工业用海,非透水构筑物
393,初始登记,工业用海,电力工业用海,非透水构筑物
394,初始登记,工业用海,电力工业用海,非透水构筑物
395,初始登记,工业用海,电力工业用海,非透水构筑物
396,初始登记,工业用海,电力工业用海,非透水构筑物
397,初始登记,工业用海,电力工业用海,非透水构筑物
398,初始登记,工业用海,电力工业用海,非透水构筑物
399,初始登记,工业用海,电力工业用海,非透水构筑物
400,初始登记,工业用海,电力工业用海,非透水构筑物
401,初始登记,渔业用海,围海养殖用海,围海养殖
402,初始登记,渔业用海,渔业基础设施用海,围海养殖
403,初始登记,交通运输用海,港口用海,建设填海造地
404,变更登记,渔业用海,开放式养殖用海,开放式养殖
405,初始登记,工业用海,电力工业用海,非透水构筑物
406,初始登记,造地工程用海,城镇建设填海造地用海,建设填海造地
407,初始登记,造地工程用海,城镇建设填海造地用海,建设填海造地
408,初始登记,工业用海,电力工业用海,非透水构筑物
409,初始登记,造地工程用海,城镇建设填海造地用海,建设填海造地
410,初始登记,工业用海,电力工业用海,非透水构筑物
411,初始登记,工业用海,电力工业用海,非透水构筑物
412,初始登记,工业用海,电力工业用海,非透水构筑物
413,初始登记,工业用海,电力工业用海,非透水构筑物
414,初始登记,工业用海,电力工业用海,非透水构筑物
415,初始登记,工业用海,电力工业用海,非透水构筑物
416,初始登记,工业用海,电力工业用海,非透水构筑物
417,初始登记,造地工程用海,城镇建设填海造地用海,建设填海造地
418,初始登记,工业用海,电力工业用海,非透水构筑物
419,初始登记,工业用海,电力工业用海,非透水构筑物
420,初始登记,工业用海,电力工业用海,非透水构筑物
421,初始登记,造地工程用海,城镇建设填海造地用海,建设填海造地
422,初始登记,渔业用海,围海养殖用海,围海养殖
423,初始登记,渔业用海,开放式养殖用海,开放式养殖
424,变更登记,渔业用海,围海养殖用海,围海养殖
425,变更登记,渔业用海,围海养殖用海,围海养殖
426,变更登记,渔业用海,开放式养殖用海,开放式养殖
427,变更登记,工业用海,其它工业用海,建设填海造地
428,变更登记,工业用海,其它工业用海,建设填海造地
429,变更登记,渔业用海,开放式养殖用海,开放式养殖
430,初始登记,渔业用海,围海养殖用海,围海养殖
431,初始登记,渔业用海,开放式养殖用海,开放式养殖
432,变更登记,渔业用海,开放式养殖用海,开放式养殖
433,初始登记,渔业用海,围海养殖用海,围海养殖
434,初始登记,渔业用海,围海养殖用海,围海养殖
435,初始登记,渔业用海,围海养殖用海,围海养殖
436,初始登记,渔业用海,围海养殖用海,围海养殖
437,初始登记,渔业用海,围海养殖用海,围海养殖
438,初始登记,渔业用海,围海养殖用海,围海养殖
439,初始登记,渔业用海,围海养殖用海,围海养殖
440,初始登记,渔业用海,围海养殖用海,围海养殖
441,初始登记,渔业用海,围海养殖用海,开放式养殖
442,初始登记,渔业用海,开放式养殖用海,开放式养殖
443,初始登记,渔业用海,围海养殖用海,围海养殖
444,初始登记,渔业用海,围海养殖用海,围海养殖
445,初始登记,渔业用海,围海养殖用海,围海养殖
446,初始登记,渔业用海,围海养殖用海,围海养殖
447,初始登记,渔业用海,围海养殖用海,围海养殖
448,初始登记,渔业用海,围海养殖用海,围海养殖
449,初始登记,特殊用海,海洋保护区用海,专用航道、锚地及其它开放式
450,变更登记,渔业用海,开放式养殖用海,开放式养殖
451,初始登记,渔业用海,围海养殖用海,围海养殖
452,初始登记,渔业用海,围海养殖用海,围海养殖
453,初始登记,渔业用海,围海养殖用海,围海养殖
454,初始登记,渔业用海,围海养殖用海,围海养殖
455,初始登记,渔业用海,围海养殖用海,围海养殖
456,初始登记,渔业用海,围海养殖用海,围海养殖
457,初始登记,渔业用海,围海养殖用海,围海养殖
458,初始登记,渔业用海,围海养殖用海,围海养殖
459,变更登记,渔业用海,开放式养殖用海,开放式养殖
460,变更登记,渔业用海,开放式养殖用海,开放式养殖
461,变更登记,渔业用海,开放式养殖用海,开放式养殖
462,初始登记,渔业用海,开放式养殖用海,开放式养殖
463,变更登记,渔业用海,开放式养殖用海,开放式养殖
464,变更登记,渔业用海,开放式养殖用海,开放式养殖
465,变更登记,渔业用海,开放式养殖用海,开放式养殖
466,变更登记,渔业用海,开放式养殖用海,开放式养殖
467,初始登记,造地工程用海,城镇建设填海造地用海,建设填海造地
468,初始登记,渔业用海,开放式养殖用海,开放式养殖
469,初始登记,工业用海,电力工业用海,建设填海造地
470,初始登记,工业用海,电力工业用海,建设填海造地
471,初始登记,工业用海,电力工业用海,建设填海造地
472,初始登记,工业用海,电力工业用海,建设填海造地
473,初始登记,工业用海,电力工业用海,海底电缆管道
474,初始登记,工业用海,电力工业用海,透水构筑物
475,初始登记,造地工程用海,城镇建设填海造地用海,建设填海造地
476,初始登记,造地工程用海,城镇建设填海造地用海,建设填海造地
477,初始登记,造地工程用海,城镇建设填海造地用海,建设填海造地
478,初始登记,造地工程用海,城镇建设填海造地用海,建设填海造地
479,初始登记,造地工程用海,城镇建设填海造地用海,建设填海造地
480,初始登记,造地工程用海,城镇建设填海造地用海,建设填海造地
481,初始登记,工业用海,电力工业用海,透水构筑物
482,初始登记,其它用海, ,建设填海造地
483,变更登记,交通运输用海,港口用海,建设填海造地
484,变更登记,交通运输用海,港口用海,建设填海造地
485,初始登记,交通运输用海,路桥用海,透水构筑物
486,变更登记,渔业用海,开放式养殖用海,开放式养殖
487,变更登记,渔业用海,开放式养殖用海,开放式养殖
488,变更登记,渔业用海,开放式养殖用海,开放式养殖
489,初始登记,渔业用海,围海养殖用海,围海养殖
490,初始登记,渔业用海,围海养殖用海,围海养殖
491,变更登记,渔业用海,开放式养殖用海,开放式养殖
492,变更登记,渔业用海,围海养殖用海,围海养殖
493,初始登记,工业用海,电力工业用海,透水构筑物
494,变更登记,渔业用海,开放式养殖用海,开放式养殖
495,变更登记,渔业用海,开放式养殖用海,开放式养殖
496,变更登记,渔业用海,开放式养殖用海,开放式养殖
497,变更登记,渔业用海,开放式养殖用海,开放式养殖
498,变更登记,渔业用海,开放式养殖用海,开放式养殖
499,变更登记,渔业用海,开放式养殖用海,开放式养殖
500,变更登记,渔业用海,围海养殖用海,围海养殖
501,变更登记,渔业用海,围海养殖用海,围海养殖
502,变更登记,渔业用海,围海养殖用海,围海养殖
503,初始登记,渔业用海,开放式养殖用海,开放式养殖
504,初始登记,渔业用海,开放式养殖用海,开放式养殖
505,初始登记,渔业用海,围海养殖用海,围海养殖
506,初始登记,渔业用海,围海养殖用海,围海养殖
507,初始登记,渔业用海,围海养殖用海,围海养殖
508,初始登记,渔业用海,开放式养殖用海,开放式养殖
509,初始登记,渔业用海,开放式养殖用海,开放式养殖
510,初始登记,渔业用海,围海养殖用海,围海养殖
511,初始登记,渔业用海,开放式养殖用海,开放式养殖
512,初始登记,渔业用海,开放式养殖用海,开放式养殖
513,初始登记,渔业用海,开放式养殖用海,开放式养殖
514,初始登记,渔业用海,开放式养殖用海,开放式养殖
515,初始登记,渔业用海,开放式养殖用海,开放式养殖
516,初始登记,渔业用海,渔业基础设施用海,开放式养殖
517,初始登记,渔业用海,围海养殖用海,围海养殖
518,初始登记,渔业用海,开放式养殖用海,开放式养殖
519,初始登记,渔业用海,开放式养殖用海,开放式养殖
520,初始登记,渔业用海,开放式养殖用海,开放式养殖
521,初始登记,渔业用海,围海养殖用海,围海养殖
522,初始登记,渔业用海,围海养殖用海,围海养殖
523,初始登记,旅游娱乐用海,旅游基础设施用海,透水构筑物
524,初始登记,渔业用海,开放式养殖用海,开放式养殖
525,初始登记,渔业用海,开放式养殖用海,开放式养殖
526,初始登记,渔业用海,开放式养殖用海,开放式养殖
527,初始登记,渔业用海,围海养殖用海,围海养殖
528,初始登记,渔业用海,渔业基础设施用海,开放式养殖
529,初始登记,渔业用海,开放式养殖用海,开放式养殖
530,初始登记,渔业用海,围海养殖用海,围海养殖
531,初始登记,渔业用海,开放式养殖用海,开放式养殖
532,初始登记,渔业用海,围海养殖用海,围海养殖
533,初始登记,渔业用海,开放式养殖用海,开放式养殖
534,初始登记,渔业用海,开放式养殖用海,开放式养殖
535,初始登记,渔业用海,开放式养殖用海,开放式养殖
536,初始登记,渔业用海,围海养殖用海,围海养殖
537,初始登记,渔业用海,渔业基础设施用海,开放式养殖
538,初始登记,渔业用海,围海养殖用海,围海养殖
539,初始登记,渔业用海,开放式养殖用海,开放式养殖
540,初始登记,渔业用海,开放式养殖用海,开放式养殖
541,初始登记,渔业用海,开放式养殖用海,开放式养殖
542,初始登记,渔业用海,开放式养殖用海,开放式养殖
543,变更登记,渔业用海,开放式养殖用海,开放式养殖
544,初始登记,渔业用海,开放式养殖用海,开放式养殖
545,变更登记,渔业用海,开放式养殖用海,开放式养殖
546,变更登记,渔业用海,开放式养殖用海,开放式养殖
547,初始登记,渔业用海,开放式养殖用海,开放式养殖
548,变更登记,渔业用海,开放式养殖用海,开放式养殖
549,变更登记,渔业用海,开放式养殖用海,开放式养殖
550,初始登记,渔业用海,围海养殖用海,围海养殖
551,初始登记,渔业用海,围海养殖用海,围海养殖
552,变更登记,工业用海,电力工业用海,非透水构筑物
553,初始登记,工业用海,电力工业用海,透水构筑物
554,初始登记,渔业用海,围海养殖用海,围海养殖
555,初始登记,渔业用海,围海养殖用海,围海养殖
556,变更登记,工业用海,电力工业用海,非透水构筑物
557,变更登记,工业用海,电力工业用海,非透水构筑物
558,变更登记,工业用海,电力工业用海,非透水构筑物
559,初始登记,造地工程用海,城镇建设填海造地用海,11、建设填海造地
560,初始登记,工业用海,电力工业用海,透水构筑物
561,初始登记,渔业用海,围海养殖用海,围海养殖
562,初始登记,工业用海,电力工业用海,透水构筑物
563,初始登记,工业用海,电力工业用海,透水构筑物
564,变更登记,工业用海,电力工业用海,非透水构筑物
565,变更登记,工业用海,电力工业用海,非透水构筑物
566,初始登记,造地工程用海,城镇建设填海造地用海,建设填海造地
567,初始登记,工业用海,电力工业用海,11、建设填海造地
568,初始登记,工业用海,电力工业用海,透水构筑物
569,初始登记,渔业用海,开放式养殖用海,41、开放式养殖
570,初始登记,渔业用海,开放式养殖用海,开放式养殖
571,初始登记,造地工程用海,城镇建设填海造地用海,11、建设填海造地
572,初始登记,渔业用海,开放式养殖用海,开放式养殖
573,变更登记,交通运输用海,路桥用海,跨海桥梁、海底隧道等
574,变更登记,工业用海,电力工业用海,非透水构筑物
575,变更登记,工业用海,电力工业用海,非透水构筑物
576,初始登记,渔业用海,开放式养殖用海,开放式养殖
577,变更登记,工业用海,电力工业用海,非透水构筑物
578,变更登记,工业用海,电力工业用海,非透水构筑物
579,变更登记,工业用海,电力工业用海,非透水构筑物
580,变更登记,工业用海,电力工业用海,非透水构筑物
581,变更登记,工业用海,电力工业用海,非透水构筑物
582,变更登记,工业用海,电力工业用海,非透水构筑物
583,变更登记,工业用海,电力工业用海,非透水构筑物
584,变更登记,工业用海,电力工业用海,非透水构筑物
585,变更登记,工业用海,电力工业用海,非透水构筑物
586,变更登记,工业用海,电力工业用海,非透水构筑物
587,变更登记,工业用海,电力工业用海,非透水构筑物
588,初始登记,造地工程用海,城镇建设填海造地用海,11、建设填海造地
589,初始登记,其它用海, ,非透水构筑物
590,初始登记,工业用海,电力工业用海,透水构筑物
591,变更登记,工业用海,电力工业用海,非透水构筑物
592,变更登记,工业用海,电力工业用海,非透水构筑物
593,变更登记,工业用海,电力工业用海,非透水构筑物
594,变更登记,工业用海,电力工业用海,非透水构筑物
595,初始登记,工业用海,电力工业用海,透水构筑物
596,初始登记,渔业用海,围海养殖用海,围海养殖
597,变更登记,交通运输用海,路桥用海,跨海桥梁、海底隧道等
598,变更登记,工业用海,电力工业用海,非透水构筑物
599,变更登记,工业用海,电力工业用海,非透水构筑物
600,初始登记,工业用海,电力工业用海,透水构筑物
601,初始登记,造地工程用海,城镇建设填海造地用海,建设填海造地
602,变更登记,工业用海,电力工业用海,非透水构筑物
603,初始登记,工业用海,电力工业用海,透水构筑物
604,初始登记,造地工程用海,城镇建设填海造地用海,11、建设填海造地
605,初始登记,工业用海,电力工业用海,透水构筑物
606,初始登记,渔业用海,围海养殖用海,围海养殖
607,初始登记,渔业用海,开放式养殖用海,开放式养殖
608,变更登记,工业用海,电力工业用海,非透水构筑物
609,初始登记,工业用海,电力工业用海,透水构筑物
610,初始登记,工业用海,电力工业用海,透水构筑物
611,变更登记,工业用海,电力工业用海,非透水构筑物
612,初始登记,工业用海,电力工业用海,非透水构筑物
613,初始登记,渔业用海,开放式养殖用海,开放式养殖
614,初始登记,渔业用海,开放式养殖用海,开放式养殖
615,初始登记,造地工程用海,城镇建设填海造地用海,11、建设填海造地
616,初始登记,工业用海,电力工业用海,透水构筑物
617,初始登记,工业用海,电力工业用海,透水构筑物
618,初始登记,工业用海,电力工业用海,透水构筑物
619,初始登记,渔业用海,围海养殖用海,围海养殖
620,初始登记,渔业用海,开放式养殖用海,开放式养殖
621,变更登记,工业用海,电力工业用海,非透水构筑物
622,变更登记,工业用海,电力工业用海,非透水构筑物
623,初始登记,造地工程用海,城镇建设填海造地用海,11、建设填海造地
624,初始登记,工业用海,电力工业用海,11、建设填海造地
625,初始登记,渔业用海,围海养殖用海,围海养殖
626,初始登记,工业用海,电力工业用海,透水构筑物
627,初始登记,工业用海,电力工业用海,透水构筑物
628,初始登记,渔业用海,开放式养殖用海,开放式养殖
629,变更登记,工业用海,电力工业用海,非透水构筑物
630,初始登记,渔业用海,开放式养殖用海,开放式养殖
631,初始登记,渔业用海,开放式养殖用海,开放式养殖
632,初始登记,渔业用海,开放式养殖用海,开放式养殖
633,初始登记,工业用海,电力工业用海,透水构筑物
634,初始登记,工业用海,电力工业用海,透水构筑物
635,初始登记,渔业用海,开放式养殖用海,开放式养殖
636,初始登记,渔业用海,围海养殖用海,围海养殖
637,初始登记,渔业用海,围海养殖用海,围海养殖
638,变更登记,渔业用海,开放式养殖用海,开放式养殖
639,变更登记,渔业用海,开放式养殖用海,开放式养殖
640,变更登记,渔业用海,开放式养殖用海,开放式养殖
641,变更登记,渔业用海,开放式养殖用海,开放式养殖
642,变更登记,渔业用海,开放式养殖用海,开放式养殖
643,初始登记,渔业用海,围海养殖用海,围海养殖
644,初始登记,渔业用海,围海养殖用海,围海养殖
645,变更登记,渔业用海,开放式养殖用海,开放式养殖
646,变更登记,渔业用海,开放式养殖用海,开放式养殖
647,变更登记,渔业用海,开放式养殖用海,开放式养殖
648,初始登记,特殊用海,科研教学用海,透水构筑物
649,初始登记,渔业用海,围海养殖用海,围海养殖
650,初始登记,渔业用海,围海养殖用海,围海养殖
651,变更登记,渔业用海,开放式养殖用海,开放式养殖
652,初始登记,渔业用海,围海养殖用海,围海养殖
653,初始登记,工业用海,电力工业用海,透水构筑物
654,初始登记,交通运输用海,港口用海,11、建设填海造地
655,初始登记,工业用海,电力工业用海,透水构筑物
656,初始登记,工业用海,电力工业用海,透水构筑物
657,初始登记,造地工程用海,城镇建设填海造地用海,11、建设填海造地
658,初始登记,渔业用海,开放式养殖用海,41、开放式养殖
659,初始登记,渔业用海,开放式养殖用海,开放式养殖
660,初始登记,造地工程用海,城镇建设填海造地用海,11、建设填海造地
661,变更登记,渔业用海,开放式养殖用海,开放式养殖
662,变更登记,渔业用海,开放式养殖用海,开放式养殖
663,变更登记,渔业用海,开放式养殖用海,开放式养殖
664,初始登记,渔业用海,开放式养殖用海,开放式养殖
665,初始登记,其它用海, ,11、建设填海造地
666,初始登记,造地工程用海,城镇建设填海造地用海,11、建设填海造地
667,初始登记,造地工程用海,城镇建设填海造地用海,11、建设填海造地
668,初始登记,渔业用海,围海养殖用海,围海养殖
669,初始登记,渔业用海,围海养殖用海,围海养殖
670,初始登记,渔业用海,围海养殖用海,围海养殖
671,初始登记,渔业用海,围海养殖用海,围海养殖
672,初始登记,造地工程用海,城镇建设填海造地用海,11、建设填海造地
673,初始登记,工业用海,电力工业用海,透水构筑物
674,初始登记,工业用海,电力工业用海,透水构筑物
675,初始登记,渔业用海,围海养殖用海,围海养殖
676,初始登记,渔业用海,围海养殖用海,围海养殖
677,初始登记,渔业用海,开放式养殖用海,开放式养殖
678,初始登记,工业用海,电力工业用海,透水构筑物
679,初始登记,工业用海,电力工业用海,透水构筑物
680,初始登记,渔业用海,围海养殖用海,围海养殖
681,初始登记,渔业用海,围海养殖用海,围海养殖
682,初始登记,渔业用海,围海养殖用海,围海养殖
683,初始登记,工业用海,电力工业用海,建设填海造地
684,初始登记,渔业用海,围海养殖用海,围海养殖
685,变更登记,渔业用海,开放式养殖用海,开放式养殖
686,变更登记,渔业用海,开放式养殖用海,开放式养殖
687,初始登记,渔业用海,围海养殖用海,围海养殖
688,变更登记,渔业用海,开放式养殖用海,开放式养殖
689,变更登记,渔业用海,开放式养殖用海,开放式养殖
690,初始登记,特殊用海,科研教学用海,透水构筑物
691,初始登记,渔业用海,围海养殖用海,围海养殖
692,初始登记,渔业用海,围海养殖用海,围海养殖
693,初始登记,渔业用海,围海养殖用海,围海养殖
694,初始登记,渔业用海,围海养殖用海,围海养殖
695,变更登记,工业用海,其它工业用海,建设填海造地
696,变更登记,渔业用海,开放式养殖用海,开放式养殖
697,初始登记,渔业用海,围海养殖用海,围海养殖
698,变更登记,渔业用海,开放式养殖用海,开放式养殖
699,变更登记,渔业用海,开放式养殖用海,开放式养殖
700,初始登记,渔业用海,围海养殖用海,围海养殖
701,初始登记,渔业用海,围海养殖用海,围海养殖
702,初始登记,渔业用海,围海养殖用海,围海养殖
703,初始登记,渔业用海,围海养殖用海,围海养殖
704,初始登记,渔业用海,围海养殖用海,围海养殖
705,初始登记,渔业用海,围海养殖用海,围海养殖
706,初始登记,渔业用海,围海养殖用海,围海养殖
707,初始登记,渔业用海,围海养殖用海,围海养殖
708,初始登记,渔业用海,围海养殖用海,围海养殖
709,初始登记,渔业用海,围海养殖用海,围海养殖
710,初始登记,渔业用海,围海养殖用海,围海养殖
711,初始登记,造地工程用海,城镇建设填海造地用海,建设填海造地
712,初始登记,造地工程用海,城镇建设填海造地用海,建设填海造地
713,初始登记,造地工程用海,城镇建设填海造地用海,建设填海造地
714,初始登记,渔业用海,开放式养殖用海,开放式养殖
715,初始登记,造地工程用海,城镇建设填海造地用海,建设填海造地
716,初始登记,造地工程用海,城镇建设填海造地用海,建设填海造地
717,初始登记,造地工程用海,城镇建设填海造地用海,建设填海造地
718,初始登记,造地工程用海,城镇建设填海造地用海,建设填海造地
719,初始登记,造地工程用海,城镇建设填海造地用海,建设填海造地
720,初始登记,造地工程用海,城镇建设填海造地用海,建设填海造地
721,初始登记,渔业用海,围海养殖用海,围海养殖
722,初始登记,造地工程用海,城镇建设填海造地用海,建设填海造地
723,初始登记,造地工程用海,城镇建设填海造地用海,建设填海造地
724,初始登记,造地工程用海,城镇建设填海造地用海,建设填海造地
725,初始登记,造地工程用海,城镇建设填海造地用海,建设填海造地
726,初始登记,造地工程用海,城镇建设填海造地用海,建设填海造地
727,初始登记,工业用海,电力工业用海,透水构筑物
728,初始登记,工业用海,电力工业用海,建设填海造地
729,初始登记,造地工程用海,城镇建设填海造地用海,建设填海造地
730,初始登记,工业用海,电力工业用海,透水构筑物
731,初始登记,工业用海,电力工业用海,透水构筑物
732,初始登记,工业用海,电力工业用海,透水构筑物
733,初始登记,工业用海,电力工业用海,透水构筑物
734,初始登记,工业用海,电力工业用海,透水构筑物
735,初始登记,渔业用海,围海养殖用海,围海养殖
736,变更登记,造地工程用海,城镇建设填海造地用海,建设填海造地
737,初始登记,渔业用海,开放式养殖用海,开放式养殖
738,初始登记,工业用海,电力工业用海,建设填海造地
739,初始登记,工业用海,电力工业用海,建设填海造地
740,初始登记,工业用海,电力工业用海,建设填海造地
741,初始登记,工业用海,电力工业用海,建设填海造地
742,初始登记,工业用海,电力工业用海,透水构筑物
743,初始登记,工业用海,电力工业用海,建设填海造地
744,初始登记,工业用海,电力工业用海,透水构筑物
745,初始登记,工业用海,电力工业用海,建设填海造地
746,初始登记,工业用海,电力工业用海,建设填海造地
747,初始登记,工业用海,电力工业用海,透水构筑物
748,初始登记,造地工程用海,城镇建设填海造地用海,建设填海造地
749,变更登记,造地工程用海,城镇建设填海造地用海,建设填海造地
750,初始登记,工业用海,电力工业用海,建设填海造地
751,变更登记,渔业用海,开放式养殖用海,开放式养殖
752,变更登记,渔业用海,开放式养殖用海,开放式养殖
753,变更登记,渔业用海,开放式养殖用海,开放式养殖
754,初始登记,造地工程用海,城镇建设填海造地用海,建设填海造地
755,初始登记,工业用海,电力工业用海,建设填海造地
756,初始登记,工业用海,电力工业用海,建设填海造地
757,变更登记,渔业用海,围海养殖用海,围海养殖
758,初始登记,工业用海,电力工业用海,建设填海造地
759,初始登记,工业用海,电力工业用海,透水构筑物
760,初始登记,工业用海,电力工业用海,透水构筑物
761,初始登记,工业用海,电力工业用海,建设填海造地
762,变更登记,渔业用海,围海养殖用海,围海养殖
763,初始登记,工业用海,电力工业用海,建设填海造地
764,初始登记,工业用海,电力工业用海,建设填海造地
765,初始登记,工业用海,电力工业用海,透水构筑物
766,初始登记,工业用海,电力工业用海,透水构筑物
767,初始登记,造地工程用海,城镇建设填海造地用海,建设填海造地
768,初始登记,工业用海,电力工业用海,建设填海造地
769,初始登记,工业用海,电力工业用海,建设填海造地
770,初始登记,工业用海,电力工业用海,建设填海造地
771,初始登记,工业用海,电力工业用海,建设填海造地
772,初始登记,渔业用海,开放式养殖用海,开放式养殖
773,初始登记,工业用海,电力工业用海,建设填海造地
774,初始登记,工业用海,电力工业用海,建设填海造地
775,初始登记,造地工程用海,城镇建设填海造地用海,建设填海造地
776,初始登记,渔业用海,围海养殖用海,围海养殖
777,初始登记,渔业用海,开放式养殖用海,开放式养殖
778,初始登记,渔业用海,开放式养殖用海,开放式养殖
779,初始登记,渔业用海,开放式养殖用海,开放式养殖
780,初始登记,其它用海, ,非透水构筑物
781,初始登记,其它用海, ,专用航道、锚地及其它开放式
782,初始登记,其它用海, ,透水构筑物
783,初始登记,其它用海, ,非透水构筑物
784,初始登记,渔业用海,围海养殖用海,围海养殖
785,初始登记,交通运输用海,港口用海,透水构筑物
786,初始登记,交通运输用海,港口用海,港池、蓄水等
787,变更登记,交通运输用海,港口用海,建设填海造地
788,变更登记,渔业用海,开放式养殖用海,开放式养殖
789,变更登记,渔业用海,开放式养殖用海,开放式养殖
790,初始登记,渔业用海,围海养殖用海,围海养殖
791,初始登记,渔业用海,围海养殖用海,围海养殖
792,初始登记,渔业用海,围海养殖用海,围海养殖
793,初始登记,渔业用海,围海养殖用海,围海养殖
794,初始登记,渔业用海,围海养殖用海,围海养殖
795,初始登记,渔业用海,围海养殖用海,围海养殖
796,初始登记,渔业用海,围海养殖用海,围海养殖
797,初始登记,渔业用海,开放式养殖用海,开放式养殖
798,初始登记,交通运输用海,港口用海,港池、蓄水等
799,初始登记,交通运输用海,港口用海,透水构筑物
800,初始登记,交通运输用海,港口用海,透水构筑物
801,初始登记,交通运输用海,港口用海,透水构筑物
802,变更登记,交通运输用海,港口用海,建设填海造地
803,变更登记,渔业用海,开放式养殖用海,开放式养殖
804,变更登记,渔业用海,开放式养殖用海,开放式养殖
805,变更登记,渔业用海,开放式养殖用海,开放式养殖
806,变更登记,渔业用海,开放式养殖用海,开放式养殖
807,变更登记,渔业用海,开放式养殖用海,开放式养殖
808,变更登记,渔业用海,开放式养殖用海,开放式养殖
809,初始登记,渔业用海,开放式养殖用海,开放式养殖
810,初始登记,渔业用海,开放式养殖用海,开放式养殖
811,初始登记,渔业用海,开放式养殖用海,开放式养殖
812,初始登记,渔业用海,开放式养殖用海,开放式养殖
813,初始登记,渔业用海,开放式养殖用海,开放式养殖
814,初始登记,渔业用海,开放式养殖用海,开放式养殖
815,初始登记,渔业用海,开放式养殖用海,开放式养殖
816,变更登记,渔业用海,开放式养殖用海,开放式养殖
817,变更登记,渔业用海,开放式养殖用海,开放式养殖
818,初始登记,渔业用海,开放式养殖用海,开放式养殖
819,变更登记,交通运输用海,港口用海,建设填海造地
820,变更登记,渔业用海,开放式养殖用海,开放式养殖
821,初始登记,渔业用海,开放式养殖用海,开放式养殖
822,变更登记,渔业用海,开放式养殖用海,开放式养殖
823,初始登记,造地工程用海,城镇建设填海造地用海,建设填海造地
824,初始登记,工业用海,电力工业用海,非透水构筑物
825,初始登记,交通运输用海,港口用海,透水构筑物
826,初始登记,工业用海,电力工业用海,非透水构筑物
827,初始登记,交通运输用海,港口用海,透水构筑物
828,初始登记,工业用海,电力工业用海,非透水构筑物
829,初始登记,交通运输用海,港口用海,透水构筑物
830,初始登记,造地工程用海,城镇建设填海造地用海,建设填海造地
831,初始登记,工业用海,电力工业用海,非透水构筑物
832,初始登记,造地工程用海,城镇建设填海造地用海,建设填海造地
833,初始登记,交通运输用海,港口用海,建设填海造地
834,初始登记,渔业用海,开放式养殖用海,开放式养殖
835,初始登记,造地工程用海,城镇建设填海造地用海,建设填海造地
836,初始登记,工业用海,电力工业用海,非透水构筑物
837,初始登记,渔业用海,围海养殖用海,围海养殖
838,初始登记,造地工程用海,城镇建设填海造地用海,建设填海造地
839,初始登记,工业用海,电力工业用海,非透水构筑物
840,初始登记,工业用海,电力工业用海,非透水构筑物
841,初始登记,工业用海,电力工业用海,非透水构筑物
842,初始登记,造地工程用海,城镇建设填海造地用海,建设填海造地
843,初始登记,渔业用海,围海养殖用海,围海养殖
844,初始登记,造地工程用海,城镇建设填海造地用海,建设填海造地
845,初始登记,工业用海,电力工业用海,非透水构筑物
846,初始登记,造地工程用海,城镇建设填海造地用海,建设填海造地
847,初始登记,工业用海,电力工业用海,非透水构筑物
848,初始登记,工业用海,电力工业用海,非透水构筑物
849,初始登记,工业用海,电力工业用海,非透水构筑物
850,初始登记,渔业用海,围海养殖用海,围海养殖
851,初始登记,渔业用海,围海养殖用海,围海养殖
852,初始登记,交通运输用海,港口用海,港池、蓄水等
853,初始登记,渔业用海,围海养殖用海,围海养殖
854,初始登记,造地工程用海,城镇建设填海造地用海,建设填海造地
855,初始登记,工业用海,电力工业用海,非透水构筑物
856,初始登记,工业用海,电力工业用海,非透水构筑物
857,初始登记,渔业用海,开放式养殖用海,开放式养殖
858,初始登记,渔业用海,围海养殖用海,围海养殖
859,初始登记,渔业用海,围海养殖用海,围海养殖
860,初始登记,工业用海,电力工业用海,非透水构筑物
861,初始登记,交通运输用海,港口用海,透水构筑物
862,初始登记,渔业用海,开放式养殖用海,开放式养殖
863,初始登记,渔业用海,围海养殖用海,围海养殖
864,初始登记,造地工程用海,城镇建设填海造地用海,建设填海造地
865,初始登记,交通运输用海,港口用海,港池、蓄水等
866,初始登记,交通运输用海,港口用海,港池、蓄水等
867,初始登记,工业用海,电力工业用海,非透水构筑物
868,初始登记,工业用海,电力工业用海,非透水构筑物
869,初始登记,工业用海,电力工业用海,非透水构筑物
870,变更登记,渔业用海,开放式养殖用海,开放式养殖
871,变更登记,渔业用海,开放式养殖用海,开放式养殖
872,变更登记,渔业用海,开放式养殖用海,开放式养殖
873,初始登记,工业用海,电力工业用海,非透水构筑物
874,初始登记,工业用海,电力工业用海,非透水构筑物
875,初始登记,交通运输用海,路桥用海,建设填海造地
876,初始登记,交通运输用海,港口用海,港池、蓄水等
877,初始登记,工业用海,电力工业用海,非透水构筑物
878,变更登记,渔业用海,开放式养殖用海,开放式养殖
879,变更登记,渔业用海,开放式养殖用海,开放式养殖
880,变更登记,渔业用海,开放式养殖用海,开放式养殖
881,初始登记,渔业用海,围海养殖用海,围海养殖
882,初始登记,造地工程用海,城镇建设填海造地用海,建设填海造地
883,初始登记,渔业用海,围海养殖用海,围海养殖
884,初始登记,其它用海, ,非透水构筑物
885,初始登记,其它用海, ,非透水构筑物
886,初始登记,交通运输用海,路桥用海,跨海桥梁、海底隧道等
887,初始登记,造地工程用海,城镇建设填海造地用海,建设填海造地
888,变更登记,渔业用海,开放式养殖用海,开放式养殖
889,初始登记,渔业用海,渔业基础设施用海,建设填海造地
890,初始登记,其它用海, ,非透水构筑物
891,初始登记,其它用海, ,非透水构筑物
892,初始登记,其它用海, ,非透水构筑物
893,变更登记,渔业用海,开放式养殖用海,开放式养殖
894,初始登记,其它用海, ,非透水构筑物
895,变更登记,渔业用海,开放式养殖用海,开放式养殖
896,初始登记,其它用海, ,非透水构筑物
897,初始登记,其它用海, ,透水构筑物
898,初始登记,其它用海, ,透水构筑物
899,变更登记,渔业用海,围海养殖用海,围海养殖
900,变更登记,渔业用海,开放式养殖用海,开放式养殖
901,初始登记,其它用海, ,非透水构筑物
902,变更登记,渔业用海,围海养殖用海,围海养殖
903,变更登记,渔业用海,开放式养殖用海,开放式养殖
904,初始登记,其它用海, ,专用航道、锚地及其它开放式
905,初始登记,渔业用海,围海养殖用海,围海养殖
906,初始登记,渔业用海,围海养殖用海,围海养殖
907,变更登记,渔业用海,开放式养殖用海,开放式养殖
908,变更登记,渔业用海,开放式养殖用海,开放式养殖
909,变更登记,渔业用海,围海养殖用海,围海养殖
910,初始登记,工业用海,其它工业用海,专用航道、锚地及其它开放式
911,初始登记,渔业用海,围海养殖用海,围海养殖
912,初始登记,其它用海, ,透水构筑物
913,初始登记,其它用海, ,港池、蓄水等
914,变更登记,渔业用海,开放式养殖用海,开放式养殖
915,初始登记,工业用海,其它工业用海,透水构筑物
916,变更登记,渔业用海,开放式养殖用海,开放式养殖
917,初始登记,交通运输用海,港口用海,港池、蓄水等
918,初始登记,其它用海, ,非透水构筑物
919,初始登记,其它用海, ,非透水构筑物
920,初始登记,其它用海, ,非透水构筑物
921,变更登记,渔业用海,开放式养殖用海,开放式养殖
922,变更登记,渔业用海,开放式养殖用海,开放式养殖
923,变更登记,渔业用海,开放式养殖用海,开放式养殖
924,初始登记,其它用海, ,非透水构筑物
925,初始登记,渔业用海,渔业基础设施用海,透水构筑物
926,初始登记,渔业用海,围海养殖用海,围海养殖
927,初始登记,渔业用海,围海养殖用海,围海养殖
928,初始登记,其它用海, ,非透水构筑物
929,初始登记,其它用海, ,非透水构筑物
930,初始登记,交通运输用海,港口用海,透水构筑物
931,变更登记,渔业用海,开放式养殖用海,开放式养殖
932,初始登记,其它用海, ,港池、蓄水等
933,初始登记,其它用海, ,非透水构筑物
934,初始登记,交通运输用海,港口用海,港池、蓄水等
935,初始登记,交通运输用海,港口用海,透水构筑物
936,初始登记,其它用海, ,非透水构筑物
937,变更登记,渔业用海,开放式养殖用海,开放式养殖
938,变更登记,渔业用海,开放式养殖用海,开放式养殖
939,初始登记,其它用海, ,非透水构筑物
940,初始登记,其它用海, ,非透水构筑物
941,初始登记,交通运输用海,港口用海,港池、蓄水等
942,初始登记,造地工程用海,城镇建设填海造地用海,建设填海造地
943,初始登记,其它用海, ,非透水构筑物
944,初始登记,渔业用海,围海养殖用海,围海养殖
945,初始登记,其它用海, ,非透水构筑物
946,初始登记,其它用海, ,非透水构筑物
947,初始登记,其它用海, ,专用航道、锚地及其它开放式
948,初始登记,造地工程用海,城镇建设填海造地用海,建设填海造地
949,变更登记,渔业用海,开放式养殖用海,开放式养殖
950,变更登记,渔业用海,开放式养殖用海,开放式养殖
951,初始登记,渔业用海,开放式养殖用海,开放式养殖
952,变更登记,渔业用海,开放式养殖用海,开放式养殖
953,变更登记,渔业用海,开放式养殖用海,开放式养殖
954,变更登记,渔业用海,开放式养殖用海,开放式养殖
955,变更登记,渔业用海,开放式养殖用海,开放式养殖
956,变更登记,渔业用海,开放式养殖用海,开放式养殖
957,变更登记,渔业用海,开放式养殖用海,开放式养殖
958,变更登记,渔业用海,开放式养殖用海,开放式养殖
959,变更登记,渔业用海,开放式养殖用海,开放式养殖
960,变更登记,渔业用海,开放式养殖用海,开放式养殖
961,变更登记,渔业用海,开放式养殖用海,开放式养殖
962,变更登记,渔业用海,开放式养殖用海,开放式养殖
963,变更登记,渔业用海,开放式养殖用海,开放式养殖
964,变更登记,渔业用海,开放式养殖用海,开放式养殖
965,初始登记,渔业用海,开放式养殖用海,开放式养殖
966,初始登记,工业用海,电力工业用海,建设填海造地
967,变更登记,渔业用海,开放式养殖用海,开放式养殖
968,变更登记,渔业用海,开放式养殖用海,开放式养殖
969,变更登记,渔业用海,开放式养殖用海,开放式养殖
970,变更登记,渔业用海,开放式养殖用海,开放式养殖
971,变更登记,渔业用海,开放式养殖用海,开放式养殖
972,变更登记,渔业用海,开放式养殖用海,开放式养殖
973,变更登记,渔业用海,开放式养殖用海,开放式养殖
974,变更登记,渔业用海,开放式养殖用海,开放式养殖
975,变更登记,渔业用海,开放式养殖用海,开放式养殖
976,变更登记,渔业用海,开放式养殖用海,开放式养殖
977,变更登记,渔业用海,开放式养殖用海,开放式养殖
978,变更登记,渔业用海,开放式养殖用海,开放式养殖
979,变更登记,渔业用海,开放式养殖用海,开放式养殖
980,变更登记,渔业用海,开放式养殖用海,开放式养殖
981,变更登记,渔业用海,开放式养殖用海,开放式养殖
982,变更登记,渔业用海,开放式养殖用海,开放式养殖
983,变更登记,渔业用海,开放式养殖用海,开放式养殖
984,变更登记,渔业用海,开放式养殖用海,开放式养殖
985,变更登记,渔业用海,开放式养殖用海,开放式养殖
986,变更登记,渔业用海,开放式养殖用海,开放式养殖
987,变更登记,渔业用海,开放式养殖用海,开放式养殖
988,变更登记,渔业用海,开放式养殖用海,开放式养殖
989,变更登记,渔业用海,开放式养殖用海,开放式养殖
990,变更登记,渔业用海,开放式养殖用海,开放式养殖
991,变更登记,渔业用海,开放式养殖用海,开放式养殖
992,变更登记,渔业用海,开放式养殖用海,开放式养殖
993,变更登记,渔业用海,开放式养殖用海,开放式养殖
994,变更登记,渔业用海,开放式养殖用海,开放式养殖
995,变更登记,渔业用海,开放式养殖用海,开放式养殖
996,变更登记,渔业用海,开放式养殖用海,开放式养殖
997,变更登记,渔业用海,开放式养殖用海,开放式养殖
998,变更登记,渔业用海,开放式养殖用海,开放式养殖
999,变更登记,渔业用海,开放式养殖用海,开放式养殖
1000,变更登记,渔业用海,开放式养殖用海,开放式养殖
1001,变更登记,渔业用海,开放式养殖用海,开放式养殖
1002,变更登记,渔业用海,开放式养殖用海,开放式养殖
1003,变更登记,渔业用海,开放式养殖用海,开放式养殖
1004,变更登记,渔业用海,开放式养殖用海,开放式养殖
1005,变更登记,渔业用海,开放式养殖用海,开放式养殖
1006,变更登记,渔业用海,开放式养殖用海,开放式养殖
1007,变更登记,渔业用海,开放式养殖用海,开放式养殖
1008,变更登记,渔业用海,开放式养殖用海,开放式养殖
1009,变更登记,渔业用海,开放式养殖用海,开放式养殖
1010,变更登记,渔业用海,开放式养殖用海,开放式养殖
1011,变更登记,渔业用海,开放式养殖用海,开放式养殖
1012,变更登记,渔业用海,开放式养殖用海,开放式养殖
1013,变更登记,渔业用海,开放式养殖用海,开放式养殖
1014,变更登记,渔业用海,开放式养殖用海,开放式养殖
1015,变更登记,渔业用海,开放式养殖用海,开放式养殖
1016,变更登记,渔业用海,开放式养殖用海,开放式养殖
1017,变更登记,渔业用海,开放式养殖用海,开放式养殖
1018,变更登记,渔业用海,开放式养殖用海,开放式养殖
1019,变更登记,渔业用海,开放式养殖用海,开放式养殖
1020,变更登记,渔业用海,开放式养殖用海,开放式养殖
1021,变更登记,渔业用海,开放式养殖用海,开放式养殖
1022,变更登记,渔业用海,开放式养殖用海,开放式养殖
1023,变更登记,渔业用海,开放式养殖用海,开放式养殖
1024,变更登记,渔业用海,开放式养殖用海,开放式养殖
1025,变更登记,渔业用海,开放式养殖用海,开放式养殖
1026,变更登记,渔业用海,开放式养殖用海,开放式养殖
1027,变更登记,渔业用海,开放式养殖用海,开放式养殖
1028,变更登记,渔业用海,开放式养殖用海,开放式养殖
1029,变更登记,渔业用海,开放式养殖用海,开放式养殖
1030,变更登记,渔业用海,开放式养殖用海,开放式养殖
1031,变更登记,渔业用海,开放式养殖用海,开放式养殖
1032,变更登记,渔业用海,开放式养殖用海,开放式养殖
1033,变更登记,渔业用海,开放式养殖用海,开放式养殖
1034,变更登记,渔业用海,开放式养殖用海,开放式养殖
1035,变更登记,渔业用海,开放式养殖用海,开放式养殖
1036,变更登记,渔业用海,开放式养殖用海,开放式养殖
1037,变更登记,渔业用海,开放式养殖用海,开放式养殖
1038,变更登记,渔业用海,开放式养殖用海,开放式养殖
1039,变更登记,渔业用海,开放式养殖用海,开放式养殖
1040,变更登记,渔业用海,开放式养殖用海,开放式养殖
1041,变更登记,渔业用海,开放式养殖用海,开放式养殖
1042,变更登记,渔业用海,开放式养殖用海,开放式养殖
1043,变更登记,渔业用海,开放式养殖用海,开放式养殖
1044,变更登记,渔业用海,开放式养殖用海,开放式养殖
1045,变更登记,渔业用海,开放式养殖用海,开放式养殖
1046,变更登记,渔业用海,开放式养殖用海,开放式养殖
1047,变更登记,渔业用海,开放式养殖用海,开放式养殖
1048,变更登记,渔业用海,开放式养殖用海,开放式养殖
1049,变更登记,渔业用海,开放式养殖用海,开放式养殖
1050,变更登记,渔业用海,开放式养殖用海,开放式养殖
1051,变更登记,渔业用海,开放式养殖用海,开放式养殖
1052,变更登记,渔业用海,开放式养殖用海,开放式养殖
1053,变更登记,渔业用海,开放式养殖用海,开放式养殖
1054,变更登记,渔业用海,开放式养殖用海,开放式养殖
1055,变更登记,渔业用海,开放式养殖用海,开放式养殖
1056,变更登记,渔业用海,开放式养殖用海,开放式养殖
1057,变更登记,渔业用海,开放式养殖用海,开放式养殖
1058,变更登记,渔业用海,开放式养殖用海,开放式养殖
1059,变更登记,渔业用海,开放式养殖用海,开放式养殖
1060,变更登记,渔业用海,开放式养殖用海,开放式养殖
1061,变更登记,渔业用海,开放式养殖用海,开放式养殖
1062,变更登记,渔业用海,开放式养殖用海,开放式养殖
1063,变更登记,渔业用海,开放式养殖用海,开放式养殖
1064,变更登记,渔业用海,开放式养殖用海,开放式养殖
1065,变更登记,渔业用海,开放式养殖用海,开放式养殖
1066,变更登记,渔业用海,开放式养殖用海,开放式养殖
1067,变更登记,渔业用海,开放式养殖用海,开放式养殖
1068,变更登记,渔业用海,开放式养殖用海,开放式养殖
1069,变更登记,渔业用海,开放式养殖用海,开放式养殖
1070,变更登记,渔业用海,开放式养殖用海,开放式养殖
1071,变更登记,渔业用海,开放式养殖用海,开放式养殖
1072,变更登记,渔业用海,开放式养殖用海,开放式养殖
1073,变更登记,渔业用海,开放式养殖用海,开放式养殖
1074,变更登记,渔业用海,开放式养殖用海,开放式养殖
1075,变更登记,渔业用海,开放式养殖用海,开放式养殖
1076,变更登记,渔业用海,开放式养殖用海,开放式养殖
1077,变更登记,渔业用海,开放式养殖用海,开放式养殖
1078,变更登记,渔业用海,开放式养殖用海,开放式养殖
1079,变更登记,渔业用海,开放式养殖用海,开放式养殖
1080,变更登记,渔业用海,开放式养殖用海,开放式养殖
1081,变更登记,渔业用海,开放式养殖用海,开放式养殖
1082,变更登记,渔业用海,开放式养殖用海,开放式养殖
1083,变更登记,渔业用海,开放式养殖用海,开放式养殖
1084,变更登记,渔业用海,开放式养殖用海,开放式养殖
1085,变更登记,渔业用海,开放式养殖用海,开放式养殖
1086,变更登记,交通运输用海,港口用海,港池、蓄水等
1087,变更登记,交通运输用海,港口用海,透水构筑物
1088,初始登记,渔业用海,围海养殖用海,围海养殖
1089,初始登记,渔业用海,开放式养殖用海,开放式养殖
1090,初始登记,渔业用海,开放式养殖用海,开放式养殖
1091,初始登记,渔业用海,开放式养殖用海,开放式养殖
1092,初始登记,渔业用海,围海养殖用海,围海养殖
1093,初始登记,渔业用海,开放式养殖用海,开放式养殖
1094,初始登记,渔业用海,开放式养殖用海,开放式养殖
1095,初始登记,渔业用海,开放式养殖用海,开放式养殖
1096,初始登记,渔业用海,开放式养殖用海,开放式养殖
1097,初始登记,渔业用海,开放式养殖用海,开放式养殖
1098,变更登记,渔业用海,开放式养殖用海,开放式养殖
1099,初始登记,渔业用海,开放式养殖用海,开放式养殖
1100,变更登记,交通运输用海,港口用海,非透水构筑物
1101,变更登记,交通运输用海,港口用海,透水构筑物
1102,变更登记,交通运输用海,港口用海,透水构筑物
1103,变更登记,交通运输用海,港口用海,透水构筑物
1104,变更登记,交通运输用海,港口用海,港池、蓄水等
1105,变更登记,渔业用海,开放式养殖用海,开放式养殖
1106,初始登记,渔业用海,围海养殖用海,围海养殖
1107,初始登记,渔业用海,围海养殖用海,围海养殖
1108,变更登记,渔业用海,开放式养殖用海,开放式养殖
1109,变更登记,渔业用海,围海养殖用海,围海养殖
1110,变更登记,渔业用海,围海养殖用海,围海养殖
1111,变更登记,渔业用海,围海养殖用海,围海养殖
1112,初始登记,渔业用海,开放式养殖用海,开放式养殖
1113,变更登记,渔业用海,开放式养殖用海,开放式养殖
1114,初始登记,渔业用海,开放式养殖用海,开放式养殖
1115,初始登记,渔业用海,开放式养殖用海,开放式养殖
1116,初始登记,渔业用海,开放式养殖用海,开放式养殖
1117,初始登记,渔业用海,开放式养殖用海,开放式养殖
1118,初始登记,渔业用海,围海养殖用海,围海养殖
1119,初始登记,渔业用海,开放式养殖用海,开放式养殖
1120,变更登记,渔业用海,围海养殖用海,围海养殖
1121,初始登记,渔业用海,开放式养殖用海,开放式养殖
1122,初始登记,渔业用海,开放式养殖用海,开放式养殖
1123,变更登记,渔业用海,开放式养殖用海,开放式养殖
1124,初始登记,渔业用海,开放式养殖用海,开放式养殖
1125,初始登记,渔业用海,开放式养殖用海,开放式养殖
1126,变更登记,渔业用海,开放式养殖用海,开放式养殖
1127,变更登记,渔业用海,开放式养殖用海,开放式养殖
1128,变更登记,渔业用海,开放式养殖用海,开放式养殖
1129,变更登记,渔业用海,开放式养殖用海,开放式养殖
1130,变更登记,渔业用海,开放式养殖用海,开放式养殖
1131,变更登记,渔业用海,开放式养殖用海,开放式养殖
1132,变更登记,渔业用海,开放式养殖用海,开放式养殖
1133,变更登记,渔业用海,开放式养殖用海,开放式养殖
1134,变更登记,渔业用海,开放式养殖用海,开放式养殖
1135,变更登记,渔业用海,开放式养殖用海,开放式养殖
1136,变更登记,渔业用海,开放式养殖用海,开放式养殖
1137,初始登记,渔业用海,开放式养殖用海,开放式养殖
1138,变更登记,渔业用海,开放式养殖用海,开放式养殖
1139,变更登记,渔业用海,开放式养殖用海,开放式养殖
1140,初始登记,交通运输用海,港口用海,建设填海造地
1141,变更登记,渔业用海,开放式养殖用海,开放式养殖
1142,初始登记,工业用海,电力工业用海,非透水构筑物
1143,初始登记,工业用海,电力工业用海,非透水构筑物
1144,初始登记,交通运输用海,港口用海,11、建设填海造地
1145,初始登记,渔业用海,开放式养殖用海,开放式养殖
1146,变更登记,渔业用海,开放式养殖用海,开放式养殖
1147,初始登记,交通运输用海,港口用海,港池、蓄水等
1148,初始登记,交通运输用海,港口用海,建设填海造地
1149,变更登记,渔业用海,开放式养殖用海,开放式养殖
1150,变更登记,渔业用海,开放式养殖用海,开放式养殖
1151,变更登记,渔业用海,开放式养殖用海,开放式养殖
1152,变更登记,渔业用海,开放式养殖用海,开放式养殖
1153,变更登记,渔业用海,开放式养殖用海,开放式养殖
1154,初始登记,交通运输用海,港口用海,港池、蓄水等
1155,初始登记,造地工程用海,城镇建设填海造地用海,建设填海造地
1156,变更登记,渔业用海,开放式养殖用海,开放式养殖
1157,初始登记,渔业用海,开放式养殖用海,开放式养殖
1158,初始登记,交通运输用海,港口用海,透水构筑物
1159,变更登记,渔业用海,开放式养殖用海,开放式养殖
1160,变更登记,渔业用海,围海养殖用海,围海养殖
1161,变更登记,渔业用海,开放式养殖用海,开放式养殖
1162,初始登记,交通运输用海,港口用海,建设填海造地
1163,初始登记,交通运输用海,港口用海,透水构筑物
1164,变更登记,渔业用海,开放式养殖用海,开放式养殖
1165,变更登记,渔业用海,开放式养殖用海,开放式养殖
1166,初始登记,渔业用海,开放式养殖用海,开放式养殖
1167,初始登记,交通运输用海,港口用海,非透水构筑物
1168,初始登记,渔业用海,开放式养殖用海,开放式养殖
1169,变更登记,渔业用海,开放式养殖用海,开放式养殖
1170,变更登记,渔业用海,开放式养殖用海,开放式养殖
1171,变更登记,渔业用海,开放式养殖用海,开放式养殖
1172,初始登记,造地工程用海,城镇建设填海造地用海,建设填海造地
1173,变更登记,渔业用海,开放式养殖用海,开放式养殖
1174,变更登记,渔业用海,开放式养殖用海,开放式养殖
1175,变更登记,渔业用海,开放式养殖用海,开放式养殖
1176,变更登记,渔业用海,开放式养殖用海,开放式养殖
1177,变更登记,渔业用海,开放式养殖用海,开放式养殖
1178,变更登记,渔业用海,开放式养殖用海,开放式养殖
1179,变更登记,渔业用海,开放式养殖用海,开放式养殖
1180,变更登记,渔业用海,开放式养殖用海,开放式养殖
1181,变更登记,渔业用海,开放式养殖用海,开放式养殖
1182,初始登记,造地工程用海,城镇建设填海造地用海,建设填海造地
1183,变更登记,渔业用海,开放式养殖用海,开放式养殖
1184,变更登记,渔业用海,开放式养殖用海,开放式养殖
1185,变更登记,渔业用海,开放式养殖用海,开放式养殖
1186,变更登记,渔业用海,开放式养殖用海,开放式养殖
1187,初始登记,造地工程用海,城镇建设填海造地用海,建设填海造地
1188,初始登记,交通运输用海,港口用海,港池、蓄水等
1189,初始登记,交通运输用海,港口用海,透水构筑物
1190,初始登记,交通运输用海,港口用海,港池、蓄水等
1191,变更登记,渔业用海,开放式养殖用海,开放式养殖
1192,变更登记,渔业用海,开放式养殖用海,开放式养殖
1193,初始登记,特殊用海,科研教学用海,围海养殖
1194,变更登记,渔业用海,围海养殖用海,围海养殖
1195,初始登记,工业用海,电力工业用海,非透水构筑物
1196,变更登记,渔业用海,围海养殖用海,围海养殖
1197,初始登记,工业用海,电力工业用海,非透水构筑物
1198,变更登记,渔业用海,开放式养殖用海,围海养殖
1199,变更登记,交通运输用海,港口用海,建设填海造地
1200,变更登记,交通运输用海,港口用海,建设填海造地
1201,初始登记,工业用海,电力工业用海,海底电缆管道
1202,初始登记,工业用海,电力工业用海,非透水构筑物
1203,初始登记,渔业用海,开放式养殖用海,开放式养殖
1204,初始登记,工业用海,电力工业用海,非透水构筑物
1205,初始登记,工业用海,电力工业用海,非透水构筑物
1206,初始登记,渔业用海,开放式养殖用海,开放式养殖
1207,初始登记,工业用海,电力工业用海,非透水构筑物
1208,初始登记,工业用海,电力工业用海,非透水构筑物
1209,变更登记,渔业用海,围海养殖用海,围海养殖
1210,初始登记,工业用海,电力工业用海,非透水构筑物
1211,初始登记,渔业用海,开放式养殖用海,开放式养殖
1212,初始登记,工业用海,电力工业用海,建设填海造地
1213,初始登记,工业用海,电力工业用海,非透水构筑物
1214,初始登记,工业用海,电力工业用海,非透水构筑物
1215,变更登记,渔业用海,开放式养殖用海,开放式养殖
1216,变更登记,渔业用海,开放式养殖用海,开放式养殖
1217,变更登记,渔业用海,开放式养殖用海,开放式养殖
1218,初始登记,渔业用海,渔业基础设施用海,建设填海造地
1219,初始登记,渔业用海,渔业基础设施用海,建设填海造地
1220,初始登记,渔业用海,围海养殖用海,围海养殖
1221,初始登记,渔业用海,开放式养殖用海,开放式养殖
1222,变更登记,渔业用海,开放式养殖用海,开放式养殖
1223,变更登记,渔业用海,开放式养殖用海,开放式养殖
1224,变更登记,渔业用海,开放式养殖用海,开放式养殖
1225,变更登记,渔业用海,围海养殖用海,围海养殖
1226,变更登记,渔业用海,开放式养殖用海,开放式养殖
1227,变更登记,渔业用海,开放式养殖用海,开放式养殖
1228,变更登记,渔业用海,开放式养殖用海,开放式养殖
1229,变更登记,渔业用海,开放式养殖用海,开放式养殖
1230,初始登记,渔业用海,开放式养殖用海,开放式养殖
1231,变更登记,渔业用海,围海养殖用海,围海养殖
1232,初始登记,渔业用海,开放式养殖用海,开放式养殖
1233,变更登记,渔业用海,开放式养殖用海,开放式养殖
1234,初始登记,渔业用海,开放式养殖用海,开放式养殖
1235,初始登记,渔业用海,开放式养殖用海,开放式养殖
1236,初始登记,渔业用海,开放式养殖用海,开放式养殖
1237,初始登记,渔业用海,开放式养殖用海,开放式养殖
1238,变更登记,渔业用海,开放式养殖用海,开放式养殖
1239,变更登记,渔业用海,开放式养殖用海,开放式养殖
1240,初始登记,渔业用海,开放式养殖用海,开放式养殖
1241,初始登记,渔业用海,开放式养殖用海,开放式养殖
1242,初始登记,渔业用海,开放式养殖用海,开放式养殖
1243,变更登记,渔业用海,开放式养殖用海,开放式养殖
1244,初始登记,渔业用海,围海养殖用海,围海养殖
1245,变更登记,渔业用海,开放式养殖用海,开放式养殖
1246,初始登记,渔业用海,开放式养殖用海,开放式养殖
1247,变更登记,渔业用海,开放式养殖用海,开放式养殖
1248,变更登记,渔业用海,开放式养殖用海,开放式养殖
1249,初始登记,渔业用海,开放式养殖用海,开放式养殖
1250,变更登记,渔业用海,围海养殖用海,围海养殖
1251,变更登记,渔业用海,开放式养殖用海,开放式养殖
1252,变更登记,渔业用海,开放式养殖用海,开放式养殖
1253,变更登记,渔业用海,开放式养殖用海,开放式养殖
1254,变更登记,渔业用海,开放式养殖用海,开放式养殖
1255,初始登记,渔业用海,开放式养殖用海,开放式养殖
1256,变更登记,渔业用海,开放式养殖用海,开放式养殖
1257,初始登记,渔业用海,开放式养殖用海,开放式养殖
1258,初始登记,渔业用海,开放式养殖用海,开放式养殖
1259,初始登记,渔业用海,围海养殖用海,围海养殖
1260,变更登记,渔业用海,开放式养殖用海,开放式养殖
1261,初始登记,渔业用海,开放式养殖用海,开放式养殖
1262,初始登记,渔业用海,开放式养殖用海,开放式养殖
1263,初始登记,渔业用海,围海养殖用海,围海养殖
1264,变更登记,渔业用海,开放式养殖用海,开放式养殖
1265,变更登记,渔业用海,开放式养殖用海,开放式养殖
1266,初始登记,渔业用海,开放式养殖用海,开放式养殖
1267,初始登记,渔业用海,开放式养殖用海,开放式养殖
1268,变更登记,渔业用海,开放式养殖用海,开放式养殖
1269,变更登记,渔业用海,开放式养殖用海,开放式养殖
1270,变更登记,渔业用海,开放式养殖用海,开放式养殖
1271,初始登记,渔业用海,开放式养殖用海,开放式养殖
1272,变更登记,渔业用海,开放式养殖用海,开放式养殖
1273,变更登记,渔业用海,围海养殖用海,围海养殖
1274,初始登记,渔业用海,开放式养殖用海,开放式养殖
1275,变更登记,渔业用海,开放式养殖用海,开放式养殖
1276,初始登记,渔业用海,开放式养殖用海,开放式养殖
1277,初始登记,渔业用海,开放式养殖用海,开放式养殖
1278,初始登记,工业用海,电力工业用海,透水构筑物
1279,初始登记,渔业用海,开放式养殖用海,开放式养殖
1280,初始登记,渔业用海,开放式养殖用海,开放式养殖
1281,变更登记,渔业用海,开放式养殖用海,开放式养殖
1282,初始登记,渔业用海,开放式养殖用海,开放式养殖
1283,变更登记,渔业用海,开放式养殖用海,开放式养殖
1284,变更登记,渔业用海,开放式养殖用海,开放式养殖
1285,初始登记,渔业用海,开放式养殖用海,开放式养殖
1286,变更登记,渔业用海,开放式养殖用海,开放式养殖
1287,变更登记,渔业用海,开放式养殖用海,开放式养殖
1288,变更登记,渔业用海,开放式养殖用海,开放式养殖
1289,初始登记,渔业用海,开放式养殖用海,开放式养殖
1290,变更登记,渔业用海,开放式养殖用海,开放式养殖
1291,变更登记,渔业用海,开放式养殖用海,开放式养殖
1292,初始登记,交通运输用海,港口用海,建设填海造地
1293,初始登记,渔业用海,开放式养殖用海,开放式养殖
1294,初始登记,工业用海,电力工业用海,海底电缆管道
1295,初始登记,工业用海,其它工业用海,建设填海造地
1296,初始登记,渔业用海,围海养殖用海,围海养殖
1297,初始登记,渔业用海,开放式养殖用海,开放式养殖
1298,初始登记,渔业用海,渔业基础设施用海,建设填海造地
1299,初始登记,渔业用海,开放式养殖用海,开放式养殖
1300,初始登记,工业用海,电力工业用海,透水构筑物
1301,初始登记,工业用海,其它工业用海,建设填海造地
1302,初始登记,工业用海,其它工业用海,建设填海造地
1303,初始登记,渔业用海,开放式养殖用海,开放式养殖
1304,初始登记,渔业用海,渔业基础设施用海,建设填海造地
1305,初始登记,工业用海,电力工业用海,透水构筑物
1306,初始登记,工业用海,电力工业用海,透水构筑物
1307,初始登记,工业用海,电力工业用海,透水构筑物
1308,初始登记,工业用海,其它工业用海,建设填海造地
1309,变更登记,渔业用海,开放式养殖用海,开放式养殖
1310,初始登记,交通运输用海,港口用海,建设填海造地
1311,初始登记,渔业用海,开放式养殖用海,开放式养殖
1312,初始登记,渔业用海,渔业基础设施用海,建设填海造地
1313,初始登记,工业用海,电力工业用海,透水构筑物
1314,初始登记,工业用海,其它工业用海,建设填海造地
1315,初始登记,工业用海,其它工业用海,建设填海造地
1316,初始登记,交通运输用海,港口用海,建设填海造地
1317,初始登记,工业用海,其它工业用海,建设填海造地
1318,初始登记,渔业用海,开放式养殖用海,开放式养殖
1319,初始登记,渔业用海,开放式养殖用海,开放式养殖
1320,初始登记,渔业用海,围海养殖用海,围海养殖
1321,初始登记,渔业用海,开放式养殖用海,开放式养殖
1322,初始登记,渔业用海,开放式养殖用海,开放式养殖
1323,初始登记,渔业用海,开放式养殖用海,开放式养殖
1324,初始登记,渔业用海,开放式养殖用海,开放式养殖
1325,变更登记,渔业用海,开放式养殖用海,围海养殖
1326,初始登记,工业用海,其它工业用海,建设填海造地
1327,初始登记,渔业用海,开放式养殖用海,开放式养殖
1328,初始登记,渔业用海,开放式养殖用海,开放式养殖
1329,初始登记,交通运输用海,港口用海,建设填海造地
1330,初始登记,工业用海,其它工业用海,建设填海造地
1331,初始登记,工业用海,其它工业用海,建设填海造地
1332,初始登记,工业用海,电力工业用海,透水构筑物
1333,初始登记,交通运输用海,港口用海,建设填海造地
1334,初始登记,工业用海,其它工业用海,建设填海造地
1335,初始登记,工业用海,其它工业用海,建设填海造地
1336,初始登记,交通运输用海,港口用海,建设填海造地
1337,初始登记,特殊用海,海岸防护工程用海,非透水构筑物
1338,变更登记,渔业用海,围海养殖用海,开放式养殖
1339,初始登记,工业用海,电力工业用海,海底电缆管道
1340,初始登记,交通运输用海,港口用海,建设填海造地
1341,初始登记,工业用海,其它工业用海,建设填海造地
1342,初始登记,渔业用海,开放式养殖用海,开放式养殖
1343,初始登记,工业用海,其它工业用海,建设填海造地
1344,初始登记,工业用海,其它工业用海,建设填海造地
1345,初始登记,特殊用海,海岸防护工程用海,非透水构筑物
1346,初始登记,渔业用海,开放式养殖用海,开放式养殖
1347,变更登记,渔业用海,开放式养殖用海,41、开放式养殖
1348,初始登记,渔业用海,开放式养殖用海,开放式养殖
1349,变更登记,交通运输用海,港口用海,透水构筑物
1350,变更登记,交通运输用海,港口用海,港池、蓄水等
1351,变更登记,交通运输用海,港口用海,透水构筑物
1352,变更登记,交通运输用海,港口用海,透水构筑物
1353,初始登记,渔业用海,开放式养殖用海,开放式养殖
1354,初始登记,渔业用海,开放式养殖用海,开放式养殖
1355,初始登记,渔业用海,开放式养殖用海,开放式养殖
1356,初始登记,渔业用海,开放式养殖用海,开放式养殖
1357,初始登记,渔业用海,围海养殖用海,围海养殖
1358,变更登记,渔业用海,开放式养殖用海,开放式养殖
1359,变更登记,渔业用海,开放式养殖用海,开放式养殖
1360,初始登记,渔业用海,围海养殖用海,围海养殖
1361,初始登记,造地工程用海,城镇建设填海造地用海,建设填海造地
1362,初始登记,渔业用海,围海养殖用海,围海养殖
1363,初始登记,渔业用海,开放式养殖用海,开放式养殖
1364,变更登记,渔业用海,开放式养殖用海,开放式养殖
1365,变更登记,渔业用海,开放式养殖用海,开放式养殖
1366,初始登记,交通运输用海,港口用海,建设填海造地
1367,初始登记,渔业用海,开放式养殖用海,开放式养殖
1368,初始登记,渔业用海,围海养殖用海,围海养殖
1369,变更登记,渔业用海,开放式养殖用海,开放式养殖
1370,初始登记,渔业用海,开放式养殖用海,开放式养殖
1371,初始登记,渔业用海,开放式养殖用海,开放式养殖
1372,变更登记,渔业用海,开放式养殖用海,开放式养殖
1373,变更登记,工业用海,电力工业用海,透水构筑物
1374,初始登记,交通运输用海,港口用海,非透水构筑物
1375,初始登记,交通运输用海,港口用海,非透水构筑物
1376,初始登记,渔业用海,开放式养殖用海,开放式养殖
1377,变更登记,渔业用海,开放式养殖用海,开放式养殖
1378,变更登记,渔业用海,开放式养殖用海,开放式养殖
1379,变更登记,渔业用海,开放式养殖用海,开放式养殖
1380,变更登记,渔业用海,开放式养殖用海,开放式养殖
1381,初始登记,渔业用海,开放式养殖用海,开放式养殖
1382,初始登记,渔业用海,开放式养殖用海,开放式养殖
1383,初始登记,渔业用海,围海养殖用海,围海养殖
1384,初始登记,渔业用海,围海养殖用海,围海养殖
1385,初始登记,渔业用海,开放式养殖用海,开放式养殖
1386,初始登记,渔业用海,渔业基础设施用海,建设填海造地
1387,初始登记,工业用海,电力工业用海,透水构筑物
1388,初始登记,工业用海,电力工业用海,海底电缆管道
1389,初始登记,渔业用海,开放式养殖用海,开放式养殖
1390,初始登记,渔业用海,渔业基础设施用海,建设填海造地
1391,初始登记,渔业用海,渔业基础设施用海,建设填海造地
1392,初始登记,工业用海,电力工业用海,透水构筑物
1393,初始登记,工业用海,电力工业用海,透水构筑物
1394,变更登记,渔业用海,开放式养殖用海,开放式养殖
1395,初始登记,渔业用海,围海养殖用海,围海养殖
1396,初始登记,工业用海,电力工业用海,海底电缆管道
1397,初始登记,工业用海,电力工业用海,海底电缆管道
1398,初始登记,工业用海,电力工业用海,透水构筑物
1399,初始登记,工业用海,电力工业用海,海底电缆管道
1400,初始登记,渔业用海,渔业基础设施用海,建设填海造地
1401,初始登记,渔业用海,渔业基础设施用海,建设填海造地
1402,变更登记,渔业用海,开放式养殖用海,开放式养殖
1403,变更登记,渔业用海,开放式养殖用海,开放式养殖
1404,初始登记,渔业用海,开放式养殖用海,开放式养殖
1405,初始登记,工业用海,电力工业用海,海底电缆管道
1406,初始登记,工业用海,电力工业用海,海底电缆管道
1407,初始登记,渔业用海,渔业基础设施用海,建设填海造地
1408,初始登记,渔业用海,渔业基础设施用海,建设填海造地
1409,变更登记,工业用海,其它工业用海,建设填海造地
1410,变更登记,工业用海,其它工业用海,建设填海造地
1411,初始登记,渔业用海,渔业基础设施用海,建设填海造地
1412,变更登记,渔业用海,开放式养殖用海,开放式养殖
1413,初始登记,工业用海,电力工业用海,海底电缆管道
1414,变更登记,渔业用海,开放式养殖用海,开放式养殖
1415,初始登记,渔业用海,渔业基础设施用海,建设填海造地
1416,初始登记,渔业用海,渔业基础设施用海,建设填海造地
1417,初始登记,渔业用海,渔业基础设施用海,建设填海造地
1418,初始登记,工业用海,电力工业用海,建设填海造地
1419,初始登记,工业用海,电力工业用海,建设填海造地
1420,初始登记,工业用海,电力工业用海,建设填海造地
1421,初始登记,工业用海,电力工业用海,建设填海造地
1422,初始登记,工业用海,电力工业用海,建设填海造地
1423,初始登记,工业用海,电力工业用海,建设填海造地
1424,初始登记,工业用海,电力工业用海,建设填海造地
1425,初始登记,工业用海,电力工业用海,建设填海造地
1426,初始登记,工业用海,电力工业用海,建设填海造地
1427,初始登记,工业用海,电力工业用海,建设填海造地
1428,初始登记,工业用海,电力工业用海,建设填海造地
1429,初始登记,工业用海,电力工业用海,透水构筑物
1430,初始登记,工业用海,电力工业用海,建设填海造地
1431,初始登记,工业用海,电力工业用海,建设填海造地
1432,初始登记,工业用海,电力工业用海,建设填海造地
1433,初始登记,工业用海,电力工业用海,建设填海造地
1434,初始登记,工业用海,电力工业用海,建设填海造地
1435,初始登记,工业用海,电力工业用海,建设填海造地
1436,初始登记,工业用海,电力工业用海,建设填海造地
1437,初始登记,工业用海,电力工业用海,建设填海造地
1438,初始登记,工业用海,电力工业用海,建设填海造地
1439,初始登记,工业用海,电力工业用海,透水构筑物
1440,初始登记,工业用海,电力工业用海,非透水构筑物
1441,初始登记,工业用海,电力工业用海,非透水构筑物
1442,初始登记,工业用海,电力工业用海,非透水构筑物
1443,初始登记,工业用海,电力工业用海,非透水构筑物
1444,初始登记,工业用海,电力工业用海,非透水构筑物
1445,变更登记,渔业用海,围海养殖用海,围海养殖
1446,初始登记,渔业用海,开放式养殖用海,开放式养殖
1447,初始登记,渔业用海,开放式养殖用海,开放式养殖
1448,变更登记,工业用海,其它工业用海,透水构筑物
1449,变更登记,工业用海,其它工业用海,建设填海造地
1450,变更登记,渔业用海,开放式养殖用海,开放式养殖
1451,初始登记,渔业用海,开放式养殖用海,开放式养殖
1452,变更登记,渔业用海,开放式养殖用海,开放式养殖
1453,变更登记,渔业用海,围海养殖用海,围海养殖
1454,变更登记,渔业用海,围海养殖用海,围海养殖
1455,变更登记,渔业用海,围海养殖用海,围海养殖
1456,变更登记,渔业用海,开放式养殖用海,开放式养殖
1457,变更登记,渔业用海,开放式养殖用海,开放式养殖
1458,变更登记,渔业用海,开放式养殖用海,开放式养殖
1459,变更登记,渔业用海,开放式养殖用海,开放式养殖
1460,变更登记,渔业用海,开放式养殖用海,开放式养殖
1461,变更登记,渔业用海,开放式养殖用海,开放式养殖
1462,变更登记,渔业用海,开放式养殖用海,开放式养殖
1463,变更登记,渔业用海,围海养殖用海,非透水构筑物
1464,变更登记,渔业用海,围海养殖用海,非透水构筑物
1465,变更登记,渔业用海,围海养殖用海,围海养殖
1466,变更登记,渔业用海,围海养殖用海,围海养殖
1467,初始登记,渔业用海,开放式养殖用海,开放式养殖
1468,初始登记,渔业用海,开放式养殖用海,开放式养殖
1469,初始登记,渔业用海,围海养殖用海,围海养殖
1470,初始登记,交通运输用海,港口用海,透水构筑物
1471,初始登记,交通运输用海,港口用海,港池、蓄水等
1472,初始登记,交通运输用海,港口用海,港池、蓄水等
1473,初始登记,交通运输用海,港口用海,透水构筑物
1474,变更登记,渔业用海,开放式养殖用海,开放式养殖
1475,变更登记,渔业用海,围海养殖用海,围海养殖
1476,变更登记,渔业用海,围海养殖用海,围海养殖
1477,变更登记,渔业用海,围海养殖用海,围海养殖
1478,变更登记,渔业用海,围海养殖用海,围海养殖
1479,变更登记,渔业用海,围海养殖用海,围海养殖
1480,变更登记,渔业用海,开放式养殖用海,开放式养殖
1481,变更登记,渔业用海,开放式养殖用海,开放式养殖
1482,变更登记,渔业用海,开放式养殖用海,开放式养殖
1483,变更登记,渔业用海,开放式养殖用海,开放式养殖
1484,变更登记,渔业用海,围海养殖用海,围海养殖
1485,变更登记,造地工程用海,城镇建设填海造地用海,建设填海造地
1486,变更登记,渔业用海,围海养殖用海,围海养殖
1487,变更登记,渔业用海,开放式养殖用海,开放式养殖
1488,变更登记,渔业用海,开放式养殖用海,开放式养殖
1489,变更登记,渔业用海,开放式养殖用海,开放式养殖
1490,变更登记,渔业用海,开放式养殖用海,开放式养殖
1491,变更登记,工业用海,其它工业用海,建设填海造地
1492,变更登记,渔业用海,开放式养殖用海,开放式养殖
1493,变更登记,渔业用海,开放式养殖用海,开放式养殖
1494,变更登记,工业用海,其它工业用海,建设填海造地
1495,变更登记,渔业用海,开放式养殖用海,开放式养殖
1496,变更登记,渔业用海,开放式养殖用海,开放式养殖
1497,变更登记,渔业用海,开放式养殖用海,开放式养殖
1498,变更登记,渔业用海,开放式养殖用海,开放式养殖
1499,变更登记,渔业用海,开放式养殖用海,开放式养殖
1500,初始登记,渔业用海,围海养殖用海,围海养殖
1501,初始登记,工业用海,电力工业用海,非透水构筑物
1502,初始登记,工业用海,电力工业用海,非透水构筑物
1503,初始登记,工业用海,电力工业用海,非透水构筑物
1504,初始登记,工业用海,电力工业用海,非透水构筑物
1505,初始登记,工业用海,电力工业用海,非透水构筑物
1506,初始登记,工业用海,电力工业用海,非透水构筑物
1507,初始登记,工业用海,电力工业用海,非透水构筑物
1508,初始登记,工业用海,电力工业用海,非透水构筑物
1509,初始登记,工业用海,电力工业用海,非透水构筑物
1510,初始登记,工业用海,电力工业用海,非透水构筑物
1511,初始登记,工业用海,电力工业用海,非透水构筑物
1512,变更登记,渔业用海,围海养殖用海,围海养殖
1513,初始登记,排污倾倒用海,污水达标排放用海,污水达标排放
1514,初始登记,工业用海,电力工业用海,非透水构筑物
1515,初始登记,工业用海,电力工业用海,非透水构筑物
1516,初始登记,工业用海,电力工业用海,非透水构筑物
1517,初始登记,工业用海,电力工业用海,非透水构筑物
1518,初始登记,工业用海,电力工业用海,非透水构筑物
1519,初始登记,工业用海,电力工业用海,非透水构筑物
1520,初始登记,工业用海,电力工业用海,非透水构筑物
1521,初始登记,工业用海,电力工业用海,非透水构筑物
1522,初始登记,工业用海,电力工业用海,非透水构筑物
1523,初始登记,工业用海,电力工业用海,非透水构筑物
1524,初始登记,工业用海,电力工业用海,非透水构筑物
1525,初始登记,工业用海,电力工业用海,非透水构筑物
1526,初始登记,工业用海,电力工业用海,非透水构筑物
1527,初始登记,工业用海,电力工业用海,非透水构筑物
1528,初始登记,工业用海,电力工业用海,非透水构筑物
1529,初始登记,工业用海,电力工业用海,非透水构筑物
1530,初始登记,工业用海,电力工业用海,非透水构筑物
1531,变更登记,渔业用海,围海养殖用海,围海养殖
1532,初始登记,工业用海,电力工业用海,非透水构筑物
1533,初始登记,工业用海,电力工业用海,非透水构筑物
1534,初始登记,渔业用海,渔业基础设施用海,建设填海造地
1535,初始登记,工业用海,电力工业用海,非透水构筑物
1536,变更登记,工业用海,其它工业用海,建设填海造地
1537,变更登记,渔业用海,围海养殖用海,围海养殖
1538,变更登记,渔业用海,开放式养殖用海,开放式养殖
1539,变更登记,特殊用海,科研教学用海,开放式养殖
1540,初始登记,渔业用海,围海养殖用海,围海养殖
1541,变更登记,渔业用海,开放式养殖用海,开放式养殖
1542,初始登记,渔业用海,开放式养殖用海,开放式养殖
1543,初始登记,渔业用海,开放式养殖用海,开放式养殖
1544,初始登记,渔业用海,开放式养殖用海,开放式养殖
1545,初始登记,渔业用海,开放式养殖用海,开放式养殖
1546,初始登记,渔业用海,开放式养殖用海,开放式养殖
1547,变更登记,渔业用海,围海养殖用海,围海养殖
1548,初始登记,工业用海,电力工业用海,非透水构筑物
1549,初始登记,工业用海,电力工业用海,非透水构筑物
1550,初始登记,工业用海,电力工业用海,非透水构筑物
1551,初始登记,工业用海,电力工业用海,非透水构筑物
1552,变更登记,渔业用海,开放式养殖用海,开放式养殖
1553,变更登记,渔业用海,开放式养殖用海,开放式养殖
1554,变更登记,渔业用海,围海养殖用海,非透水构筑物
1555,变更登记,渔业用海,围海养殖用海,非透水构筑物
1556,变更登记,渔业用海,围海养殖用海,围海养殖
1557,变更登记,渔业用海,围海养殖用海,围海养殖
1558,初始登记,交通运输用海,港口用海,透水构筑物
1559,变更登记,渔业用海,开放式养殖用海,开放式养殖
1560,变更登记,渔业用海,开放式养殖用海,开放式养殖
1561,初始登记,渔业用海,开放式养殖用海,开放式养殖
1562,变更登记,渔业用海,开放式养殖用海,开放式养殖
1563,变更登记,渔业用海,围海养殖用海,围海养殖
1564,变更登记,渔业用海,围海养殖用海,围海养殖
1565,变更登记,渔业用海,围海养殖用海,围海养殖
1566,变更登记,渔业用海,围海养殖用海,围海养殖
1567,变更登记,渔业用海,开放式养殖用海,开放式养殖
1568,变更登记,渔业用海,开放式养殖用海,开放式养殖
1569,初始登记,工业用海,电力工业用海,透水构筑物
1570,变更登记,渔业用海,开放式养殖用海,开放式养殖
1571,变更登记,渔业用海,开放式养殖用海,开放式养殖
1572,变更登记,渔业用海,开放式养殖用海,开放式养殖
1573,变更登记,渔业用海,开放式养殖用海,开放式养殖
1574,初始登记,工业用海,电力工业用海,非透水构筑物
1575,初始登记,工业用海,电力工业用海,非透水构筑物
1576,初始登记,工业用海,电力工业用海,非透水构筑物
1577,初始登记,工业用海,电力工业用海,非透水构筑物
1578,初始登记,工业用海,电力工业用海,非透水构筑物
1579,初始登记,工业用海,电力工业用海,非透水构筑物
1580,初始登记,工业用海,电力工业用海,非透水构筑物
1581,初始登记,工业用海,电力工业用海,非透水构筑物
1582,初始登记,工业用海,电力工业用海,非透水构筑物
1583,初始登记,工业用海,电力工业用海,非透水构筑物
1584,初始登记,渔业用海,围海养殖用海,围海养殖
1585,初始登记,渔业用海,围海养殖用海,围海养殖
1586,变更登记,渔业用海,开放式养殖用海,开放式养殖
1587,初始登记,工业用海,电力工业用海,非透水构筑物
1588,变更登记,渔业用海,开放式养殖用海,开放式养殖
1589,变更登记,渔业用海,开放式养殖用海,开放式养殖
1590,变更登记,渔业用海,开放式养殖用海,开放式养殖
1591,变更登记,渔业用海,开放式养殖用海,开放式养殖
1592,变更登记,渔业用海,开放式养殖用海,开放式养殖
1593,变更登记,造地工程用海,城镇建设填海造地用海,建设填海造地
1594,变更登记,渔业用海,开放式养殖用海,开放式养殖
1595,初始登记,渔业用海,开放式养殖用海,开放式养殖
1596,变更登记,渔业用海,开放式养殖用海,开放式养殖
1597,初始登记,渔业用海,围海养殖用海,围海养殖
1598,变更登记,渔业用海,开放式养殖用海,开放式养殖
1599,初始登记,工业用海,电力工业用海,非透水构筑物
1600,变更登记,渔业用海,开放式养殖用海,开放式养殖
1601,变更登记,渔业用海,围海养殖用海,围海养殖
1602,变更登记,渔业用海,开放式养殖用海,开放式养殖
1603,变更登记,渔业用海,围海养殖用海,围海养殖
1604,变更登记,渔业用海,开放式养殖用海,开放式养殖
1605,变更登记,渔业用海,开放式养殖用海,开放式养殖
1606,变更登记,渔业用海,开放式养殖用海,开放式养殖
1607,变更登记,渔业用海,开放式养殖用海,开放式养殖
1608,变更登记,渔业用海,开放式养殖用海,开放式养殖
1609,初始登记,渔业用海,开放式养殖用海,开放式养殖
1610,初始登记,渔业用海,开放式养殖用海,开放式养殖
1611,初始登记,渔业用海,开放式养殖用海,开放式养殖
1612,初始登记,渔业用海,开放式养殖用海,开放式养殖
1613,变更登记,渔业用海,开放式养殖用海,开放式养殖
1614,初始登记,工业用海,电力工业用海,非透水构筑物
1615,初始登记,工业用海,电力工业用海,非透水构筑物
1616,初始登记,工业用海,电力工业用海,非透水构筑物
1617,初始登记,工业用海,电力工业用海,非透水构筑物
1618,初始登记,工业用海,电力工业用海,非透水构筑物
1619,变更登记,渔业用海,开放式养殖用海,开放式养殖
1620,变更登记,造地工程用海,城镇建设填海造地用海,建设填海造地
1621,初始登记,渔业用海,围海养殖用海,围海养殖
1622,初始登记,旅游娱乐用海,旅游基础设施用海,建设填海造地
1623,初始登记,旅游娱乐用海,旅游基础设施用海,建设填海造地
1624,初始登记,旅游娱乐用海,旅游基础设施用海,围海养殖
1625,初始登记,旅游娱乐用海,旅游基础设施用海,建设填海造地
1626,变更登记,交通运输用海,港口用海,建设填海造地
1627,初始登记,工业用海,电力工业用海,非透水构筑物
1628,初始登记,工业用海,电力工业用海,非透水构筑物
1629,变更登记,渔业用海,围海养殖用海,围海养殖
1630,初始登记,旅游娱乐用海,旅游基础设施用海,建设填海造地
1631,变更登记,渔业用海,开放式养殖用海,开放式养殖
1632,变更登记,渔业用海,开放式养殖用海,开放式养殖
1633,初始登记,渔业用海,开放式养殖用海,开放式养殖
1634,初始登记,渔业用海,开放式养殖用海,开放式养殖
1635,变更登记,渔业用海,开放式养殖用海,开放式养殖
1636,初始登记,渔业用海,开放式养殖用海,开放式养殖
1637,初始登记,特殊用海,科研教学用海,围海养殖
1638,初始登记,造地工程用海,城镇建设填海造地用海,建设填海造地
1639,变更登记,渔业用海,开放式养殖用海,开放式养殖
1640,变更登记,渔业用海,开放式养殖用海,开放式养殖
1641,变更登记,渔业用海,开放式养殖用海,开放式养殖
1642,变更登记,渔业用海,开放式养殖用海,开放式养殖
1643,变更登记,渔业用海,开放式养殖用海,开放式养殖
1644,变更登记,渔业用海,开放式养殖用海,开放式养殖
1645,变更登记,渔业用海,开放式养殖用海,开放式养殖
1646,变更登记,渔业用海,开放式养殖用海,开放式养殖
1647,初始登记,渔业用海,开放式养殖用海,开放式养殖
1648,初始登记,渔业用海,开放式养殖用海,开放式养殖
1649,变更登记,渔业用海,开放式养殖用海,开放式养殖
1650,变更登记,渔业用海,开放式养殖用海,开放式养殖
1651,变更登记,渔业用海,开放式养殖用海,开放式养殖
1652,变更登记,渔业用海,开放式养殖用海,开放式养殖
1653,变更登记,渔业用海,开放式养殖用海,开放式养殖
1654,初始登记,渔业用海,开放式养殖用海,开放式养殖
1655,变更登记,渔业用海,开放式养殖用海,开放式养殖
1656,变更登记,渔业用海,开放式养殖用海,开放式养殖
1657,变更登记,渔业用海,开放式养殖用海,开放式养殖
1658,变更登记,渔业用海,开放式养殖用海,41、开放式养殖
1659,变更登记,渔业用海,开放式养殖用海,41、开放式养殖
1660,初始登记,工业用海,海水综合利用用海,建设填海造地
1661,变更登记,渔业用海,开放式养殖用海,开放式养殖
1662,变更登记,渔业用海,开放式养殖用海,开放式养殖
1663,变更登记,渔业用海,开放式养殖用海,开放式养殖
1664,初始登记,其它用海, ,透水构筑物
1665,初始登记,其它用海, ,透水构筑物
1666,初始登记,其它用海, ,透水构筑物
1667,变更登记,渔业用海,开放式养殖用海,开放式养殖
1668,变更登记,渔业用海,开放式养殖用海,开放式养殖
1669,变更登记,渔业用海,开放式养殖用海,开放式养殖
1670,变更登记,渔业用海,开放式养殖用海,开放式养殖
1671,变更登记,渔业用海,开放式养殖用海,开放式养殖
1672,变更登记,渔业用海,开放式养殖用海,开放式养殖
1673,变更登记,渔业用海,开放式养殖用海,开放式养殖
1674,变更登记,渔业用海,开放式养殖用海,开放式养殖
1675,初始登记,工业用海,电力工业用海,非透水构筑物
1676,初始登记,工业用海,电力工业用海,非透水构筑物
1677,初始登记,工业用海,电力工业用海,海底电缆管道
1678,初始登记,工业用海,电力工业用海,透水构筑物
1679,初始登记,工业用海,电力工业用海,透水构筑物
1680,初始登记,工业用海,电力工业用海,建设填海造地
1681,初始登记,工业用海,电力工业用海,建设填海造地
1682,初始登记,工业用海,电力工业用海,建设填海造地
1683,初始登记,工业用海,电力工业用海,建设填海造地
1684,初始登记,工业用海,电力工业用海,建设填海造地
1685,初始登记,工业用海,电力工业用海,建设填海造地
1686,初始登记,工业用海,电力工业用海,建设填海造地
1687,变更登记,渔业用海,开放式养殖用海,开放式养殖
1688,变更登记,渔业用海,开放式养殖用海,开放式养殖
1689,变更登记,渔业用海,开放式养殖用海,开放式养殖
1690,变更登记,渔业用海,开放式养殖用海,开放式养殖
1691,变更登记,渔业用海,开放式养殖用海,开放式养殖
1692,初始登记,渔业用海,围海养殖用海,围海养殖
1693,变更登记,渔业用海,开放式养殖用海,开放式养殖
1694,变更登记,工业用海,电力工业用海,透水构筑物
1695,变更登记,渔业用海,开放式养殖用海,开放式养殖
1696,变更登记,造地工程用海,城镇建设填海造地用海,建设填海造地
1697,变更登记,渔业用海,开放式养殖用海,开放式养殖
1698,变更登记,渔业用海,开放式养殖用海,开放式养殖
1699,变更登记,渔业用海,开放式养殖用海,开放式养殖
1700,变更登记,渔业用海,开放式养殖用海,开放式养殖
1701,变更登记,渔业用海,开放式养殖用海,开放式养殖
1702,变更登记,渔业用海,开放式养殖用海,开放式养殖
1703,变更登记,渔业用海,开放式养殖用海,开放式养殖
1704,变更登记,渔业用海,开放式养殖用海,开放式养殖
1705,变更登记,渔业用海,开放式养殖用海,开放式养殖
1706,变更登记,渔业用海,开放式养殖用海,开放式养殖
1707,变更登记,渔业用海,开放式养殖用海,开放式养殖
1708,初始登记,工业用海,电力工业用海,透水构筑物
1709,变更登记,渔业用海,开放式养殖用海,开放式养殖
1710,变更登记,渔业用海,开放式养殖用海,开放式养殖
1711,变更登记,渔业用海,开放式养殖用海,开放式养殖
1712,初始登记,特殊用海,科研教学用海,透水构筑物
1713,变更登记,渔业用海,开放式养殖用海,开放式养殖
1714,变更登记,工业用海,其它工业用海,建设填海造地
1715,变更登记,工业用海,其它工业用海,建设填海造地
1716,变更登记,工业用海,其它工业用海,建设填海造地
1717,变更登记,渔业用海,开放式养殖用海,开放式养殖
1718,初始登记,工业用海,海水综合利用用海,建设填海造地
1719,变更登记,渔业用海,开放式养殖用海,开放式养殖
1720,变更登记,渔业用海,开放式养殖用海,开放式养殖
1721,变更登记,工业用海,其它工业用海,建设填海造地
1722,变更登记,工业用海,其它工业用海,建设填海造地
1723,变更登记,工业用海,其它工业用海,建设填海造地
1724,变更登记,工业用海,其它工业用海,建设填海造地
1725,变更登记,渔业用海,开放式养殖用海,开放式养殖
1726,变更登记,渔业用海,开放式养殖用海,开放式养殖
1727,变更登记,渔业用海,开放式养殖用海,开放式养殖
1728,变更登记,渔业用海,开放式养殖用海,开放式养殖
1729,初始登记,其它用海, ,非透水构筑物
1730,初始登记,其它用海, ,非透水构筑物
1731,初始登记,其它用海, ,非透水构筑物
1732,初始登记,其它用海, ,非透水构筑物
1733,变更登记,渔业用海,开放式养殖用海,开放式养殖
1734,变更登记,渔业用海,开放式养殖用海,开放式养殖
1735,变更登记,渔业用海,开放式养殖用海,开放式养殖
1736,变更登记,交通运输用海,港口用海,建设填海造地
1737,初始登记,交通运输用海,港口用海,透水构筑物
1738,初始登记,交通运输用海,港口用海,港池、蓄水等
1739,初始登记,交通运输用海,港口用海,透水构筑物
1740,初始登记,交通运输用海,港口用海,港池、蓄水等
1741,变更登记,渔业用海,开放式养殖用海,开放式养殖
1742,变更登记,渔业用海,开放式养殖用海,开放式养殖
1743,变更登记,渔业用海,开放式养殖用海,开放式养殖
1744,初始登记,渔业用海,开放式养殖用海,开放式养殖
1745,变更登记,交通运输用海,路桥用海,跨海桥梁、海底隧道等
1746,变更登记,渔业用海,围海养殖用海,围海养殖
1747,变更登记,渔业用海,开放式养殖用海,开放式养殖
1748,变更登记,工业用海,电力工业用海,透水构筑物
1749,变更登记,渔业用海,开放式养殖用海,开放式养殖
1750,初始登记,造地工程用海,城镇建设填海造地用海,建设填海造地
1751,初始登记,渔业用海,围海养殖用海,围海养殖
1752,初始登记,渔业用海,围海养殖用海,围海养殖
1753,初始登记,渔业用海,围海养殖用海,围海养殖
1754,初始登记,渔业用海,围海养殖用海,围海养殖
1755,初始登记,渔业用海,围海养殖用海,围海养殖
1756,初始登记,渔业用海,围海养殖用海,围海养殖
1757,初始登记,渔业用海,围海养殖用海,围海养殖
1758,初始登记,造地工程用海,城镇建设填海造地用海,建设填海造地
1759,初始登记,造地工程用海,城镇建设填海造地用海,建设填海造地
1760,初始登记,造地工程用海,城镇建设填海造地用海,建设填海造地
1761,初始登记,造地工程用海,城镇建设填海造地用海,建设填海造地
1762,初始登记,渔业用海,围海养殖用海,围海养殖
1763,变更登记,渔业用海,开放式养殖用海,开放式养殖
1764,变更登记,渔业用海,开放式养殖用海,开放式养殖
1765,初始登记,渔业用海,开放式养殖用海,开放式养殖
1766,变更登记,渔业用海,围海养殖用海,围海养殖
1767,变更登记,交通运输用海,港口用海,透水构筑物
1768,变更登记,工业用海,其它工业用海,建设填海造地
1769,变更登记,工业用海,其它工业用海,建设填海造地
1770,变更登记,工业用海,其它工业用海,建设填海造地
1771,初始登记,渔业用海,开放式养殖用海,开放式养殖
1772,初始登记,渔业用海,开放式养殖用海,开放式养殖
1773,初始登记,渔业用海,开放式养殖用海,开放式养殖
1774,变更登记,渔业用海,开放式养殖用海,开放式养殖
1775,初始登记,渔业用海,开放式养殖用海,开放式养殖
1776,初始登记,工业用海,电力工业用海,建设填海造地
1777,初始登记,渔业用海,开放式养殖用海,开放式养殖
1778,初始登记,渔业用海,开放式养殖用海,开放式养殖
1779,初始登记,渔业用海,开放式养殖用海,开放式养殖
1780,初始登记,工业用海,电力工业用海,建设填海造地
1781,初始登记,工业用海,电力工业用海,建设填海造地
1782,初始登记,工业用海,电力工业用海,建设填海造地
1783,初始登记,工业用海,电力工业用海,建设填海造地
1784,初始登记,工业用海,电力工业用海,建设填海造地
1785,初始登记,工业用海,电力工业用海,建设填海造地
1786,初始登记,工业用海,电力工业用海,建设填海造地
1787,初始登记,工业用海,电力工业用海,建设填海造地
1788,初始登记,工业用海,电力工业用海,透水构筑物
1789,初始登记,工业用海,电力工业用海,海底电缆管道
1790,初始登记,工业用海,电力工业用海,透水构筑物
1791,初始登记,渔业用海,围海养殖用海,围海养殖
1792,初始登记,渔业用海,围海养殖用海,围海养殖
1793,变更登记,渔业用海,开放式养殖用海,开放式养殖
1794,初始登记,渔业用海,开放式养殖用海,开放式养殖
1795,初始登记,渔业用海,开放式养殖用海,开放式养殖
1796,变更登记,渔业用海,开放式养殖用海,开放式养殖
1797,变更登记,渔业用海,开放式养殖用海,开放式养殖
1798,初始登记,渔业用海,开放式养殖用海,开放式养殖
1799,初始登记,渔业用海,开放式养殖用海,开放式养殖
1800,变更登记,交通运输用海,港口用海,非透水构筑物
1801,变更登记,渔业用海,围海养殖用海,围海养殖
1802,变更登记,交通运输用海,港口用海,港池、蓄水等
1803,变更登记,交通运输用海,港口用海,透水构筑物
1804,变更登记,交通运输用海,港口用海,透水构筑物
1805,变更登记,交通运输用海,港口用海,透水构筑物
1806,变更登记,交通运输用海,港口用海,非透水构筑物
1807,变更登记,工业用海,其它工业用海,建设填海造地
1808,变更登记,工业用海,其它工业用海,建设填海造地
1809,初始登记,渔业用海,开放式养殖用海,开放式养殖
1810,初始登记,渔业用海,开放式养殖用海,开放式养殖
1811,变更登记,交通运输用海,港口用海,港池、蓄水等
1812,变更登记,交通运输用海,港口用海,透水构筑物
1813,变更登记,交通运输用海,港口用海,透水构筑物
1814,变更登记,交通运输用海,港口用海,透水构筑物
1815,变更登记,交通运输用海,港口用海,透水构筑物
1816,初始登记,渔业用海,围海养殖用海,围海养殖
1817,初始登记,渔业用海,围海养殖用海,围海养殖
1818,初始登记,渔业用海,围海养殖用海,围海养殖
1819,变更登记,交通运输用海,港口用海,港池、蓄水等
1820,变更登记,交通运输用海,港口用海,透水构筑物
1821,变更登记,交通运输用海,港口用海,建设填海造地
1822,初始登记,渔业用海,开放式养殖用海,开放式养殖
1823,变更登记,渔业用海,围海养殖用海,围海养殖
1824,初始登记,渔业用海,围海养殖用海,围海养殖
1825,初始登记,渔业用海,围海养殖用海,围海养殖
1826,初始登记,渔业用海,围海养殖用海,围海养殖
1827,变更登记,渔业用海,开放式养殖用海,开放式养殖
1828,变更登记,渔业用海,开放式养殖用海,开放式养殖
1829,变更登记,渔业用海,开放式养殖用海,开放式养殖
1830,变更登记,交通运输用海,港口用海,建设填海造地
1831,变更登记,交通运输用海,港口用海,建设填海造地
1832,初始登记,工业用海,电力工业用海,透水构筑物
1833,变更登记,渔业用海,开放式养殖用海,开放式养殖
1834,变更登记,渔业用海,开放式养殖用海,开放式养殖
1835,变更登记,渔业用海,开放式养殖用海,开放式养殖
1836,变更登记,渔业用海,围海养殖用海,围海养殖
1837,变更登记,渔业用海,围海养殖用海,围海养殖
1838,变更登记,渔业用海,开放式养殖用海,开放式养殖
1839,初始登记,工业用海,电力工业用海,透水构筑物
1840,初始登记,工业用海,电力工业用海,透水构筑物
1841,初始登记,工业用海,电力工业用海,透水构筑物
1842,初始登记,工业用海,电力工业用海,透水构筑物
1843,初始登记,工业用海,电力工业用海,透水构筑物
1844,初始登记,工业用海,电力工业用海,透水构筑物
1845,初始登记,工业用海,电力工业用海,透水构筑物
1846,初始登记,工业用海,电力工业用海,透水构筑物
1847,初始登记,工业用海,电力工业用海,透水构筑物
1848,初始登记,工业用海,电力工业用海,透水构筑物
1849,初始登记,工业用海,电力工业用海,透水构筑物
1850,初始登记,工业用海,电力工业用海,透水构筑物
1851,初始登记,工业用海,电力工业用海,透水构筑物
1852,初始登记,工业用海,电力工业用海,透水构筑物
1853,变更登记,渔业用海,开放式养殖用海,开放式养殖
1854,变更登记,渔业用海,开放式养殖用海,开放式养殖
1855,变更登记,渔业用海,开放式养殖用海,开放式养殖
1856,变更登记,渔业用海,开放式养殖用海,开放式养殖
1857,变更登记,渔业用海,开放式养殖用海,开放式养殖
1858,初始登记,工业用海,电力工业用海,透水构筑物
1859,初始登记,工业用海,电力工业用海,透水构筑物
1860,初始登记,工业用海,电力工业用海,透水构筑物
1861,初始登记,工业用海,电力工业用海,透水构筑物
1862,初始登记,工业用海,电力工业用海,透水构筑物
1863,初始登记,工业用海,电力工业用海,透水构筑物
1864,变更登记,渔业用海,开放式养殖用海,开放式养殖
1865,初始登记,交通运输用海,港口用海,建设填海造地
1866,变更登记,渔业用海,开放式养殖用海,开放式养殖
1867,变更登记,工业用海,电力工业用海,取、排水口
1868,变更登记,工业用海,电力工业用海,取、排水口
1869,变更登记,工业用海,电力工业用海,海底电缆管道
1870,变更登记,工业用海,电力工业用海,海底电缆管道
1871,变更登记,工业用海,电力工业用海,专用航道、锚地及其它开放式
1872,变更登记,工业用海,电力工业用海,透水构筑物
1873,变更登记,工业用海,电力工业用海,港池
1874,变更登记,工业用海,电力工业用海,港池、蓄水等
1875,初始登记,交通运输用海,港口用海,建设填海造地
1876,变更登记,渔业用海,开放式养殖用海,开放式养殖
1877,变更登记,渔业用海,开放式养殖用海,开放式养殖
1878,变更登记,渔业用海,开放式养殖用海,开放式养殖
1879,变更登记,渔业用海,围海养殖用海,围海养殖
