id,init_date,配号来源,用海一级类,用海二级类,用海方式
0,2015-05-01,初始登记,渔业用海,围海养殖用海,"围海养殖"
1,2011-05-01,初始登记,渔业用海,开放式养殖用海,"开放式养殖"
2,2012-05-01,初始登记,渔业用海,开放式养殖用海,"开放式养殖"
3,2016-06-01,初始登记,渔业用海,开放式养殖用海,"开放式养殖"
4,2015-06-01,初始登记,渔业用海,开放式养殖用海,"开放式养殖"
5,2015-02-01,变更登记,渔业用海,开放式养殖用海,"开放式养殖"
6,2012-02-01,变更登记,渔业用海,开放式养殖用海,"开放式养殖"
7,2015-04-01,变更登记,渔业用海,开放式养殖用海,"开放式养殖"
8,2015-04-01,变更登记,渔业用海,围海养殖用海,"非透水构筑物"
9,2016-05-01,变更登记,渔业用海,围海养殖用海,"围海养殖"
10,2014-06-01,变更登记,渔业用海,围海养殖用海,"非透水构筑物"
11,2016-05-01,变更登记,渔业用海,围海养殖用海,"非透水构筑物"
12,2016-05-01,变更登记,渔业用海,围海养殖用海,"非透水构筑物"
13,2016-05-01,变更登记,渔业用海,开放式养殖用海,"开放式养殖"
14,2013-03-01,初始登记,渔业用海,围海养殖用海,"围海养殖"
15,2015-06-01,变更登记,渔业用海,开放式养殖用海,"开放式养殖"
16,2016-04-01,变更登记,渔业用海,开放式养殖用海,"开放式养殖"
17,2014-05-01,变更登记,渔业用海,开放式养殖用海,"开放式养殖"
18,2015-06-01,变更登记,渔业用海,开放式养殖用海,"开放式养殖"
19,2011-02-01,变更登记,渔业用海,开放式养殖用海,"开放式养殖"
20,2014-04-01,变更登记,渔业用海,开放式养殖用海,"开放式养殖"
21,2013-03-01,变更登记,渔业用海,开放式养殖用海,"开放式养殖"
22,2016-06-01,变更登记,渔业用海,开放式养殖用海,"开放式养殖"
23,2015-06-01,初始登记,渔业用海,围海养殖用海,"围海养殖"
24,2016-05-01,变更登记,渔业用海,开放式养殖用海,"开放式养殖"
25,2013-03-01,变更登记,渔业用海,开放式养殖用海,"开放式养殖"
26,2012-06-01,变更登记,渔业用海,开放式养殖用海,"开放式养殖"
27,2013-04-01,变更登记,渔业用海,开放式养殖用海,"开放式养殖"
28,2013-05-01,初始登记,交通运输用海,港口用海,"建设填海造地"
29,2012-06-01,初始登记,交通运输用海,港口用海,"建设填海造地"
30,2014-04-01,初始登记,交通运输用海,港口用海,"建设填海造地"
31,2014-04-01,初始登记,交通运输用海,港口用海,"建设填海造地"
32,2016-05-01,变更登记,渔业用海,开放式养殖用海,"开放式养殖"
33,2014-04-01,变更登记,渔业用海,开放式养殖用海,"开放式养殖"
34,2015-06-01,初始登记,渔业用海,围海养殖用海,"围海养殖"
35,2014-06-01,初始登记,渔业用海,围海养殖用海,"非透水构筑物"
36,2015-05-01,初始登记,渔业用海,围海养殖用海,"非透水构筑物"
37,2010-06-01,初始登记,渔业用海,围海养殖用海,"非透水构筑物"
38,2012-06-01,初始登记,渔业用海,围海养殖用海,"围海养殖"
39,2015-06-01,初始登记,渔业用海,围海养殖用海,"围海养殖"
40,2014-06-01,初始登记,渔业用海,围海养殖用海,"围海养殖"
41,2014-06-01,初始登记,渔业用海,围海养殖用海,"围海养殖"
42,2010-06-01,初始登记,渔业用海,围海养殖用海,"围海养殖"
43,2015-05-01,初始登记,渔业用海,围海养殖用海,"围海养殖"
44,2013-05-01,初始登记,渔业用海,围海养殖用海,"围海养殖"
45,2015-03-01,初始登记,渔业用海,围海养殖用海,"围海养殖"
46,2015-06-01,初始登记,渔业用海,围海养殖用海,"围海养殖"
47,2016-02-01,初始登记,渔业用海,围海养殖用海,"围海养殖"
48,2013-05-01,初始登记,渔业用海,围海养殖用海,"围海养殖"
49,2016-05-01,初始登记,渔业用海,围海养殖用海,"开放式养殖"
50,2015-04-01,变更登记,渔业用海,开放式养殖用海,"开放式养殖"
51,2015-06-01,变更登记,渔业用海,开放式养殖用海,"开放式养殖"
52,2014-05-01,初始登记,工业用海,电力工业用海,"非透水构筑物"
53,2013-04-01,初始登记,工业用海,电力工业用海,"非透水构筑物"
54,2015-06-01,初始登记,工业用海,电力工业用海,"非透水构筑物"
55,2014-02-01,初始登记,工业用海,电力工业用海,"非透水构筑物"
56,2016-06-01,初始登记,工业用海,电力工业用海,"非透水构筑物"
57,2015-05-01,初始登记,工业用海,电力工业用海,"非透水构筑物"
58,2016-06-01,初始登记,工业用海,电力工业用海,"非透水构筑物"
59,2014-05-01,初始登记,工业用海,电力工业用海,"非透水构筑物"
60,2015-05-01,初始登记,工业用海,电力工业用海,"非透水构筑物"
61,2011-06-01,初始登记,造地工程用海,城镇建设填海造地用海,"建设填海造地"
62,2014-03-01,初始登记,工业用海,电力工业用海,"非透水构筑物"
63,2013-06-01,初始登记,工业用海,电力工业用海,"非透水构筑物"
64,2012-04-01,初始登记,工业用海,电力工业用海,"非透水构筑物"
65,2010-06-01,初始登记,工业用海,电力工业用海,"非透水构筑物"
66,2014-05-01,初始登记,工业用海,电力工业用海,"非透水构筑物"
67,2016-04-01,初始登记,工业用海,电力工业用海,"非透水构筑物"
68,2014-06-01,初始登记,工业用海,电力工业用海,"非透水构筑物"
69,2014-06-01,初始登记,工业用海,电力工业用海,"非透水构筑物"
70,2013-04-01,初始登记,工业用海,电力工业用海,"非透水构筑物"
71,2015-04-01,初始登记,渔业用海,围海养殖用海,"围海养殖"
72,2012-06-01,初始登记,其它用海," ","透水构筑物"
73,2015-05-01,初始登记,渔业用海,渔业基础设施用海,"透水构筑物"
74,2013-04-01,初始登记,其它用海," ","透水构筑物"
75,2014-02-01,初始登记,造地工程用海,城镇建设填海造地用海,"建设填海造地"
76,2014-05-01,初始登记,造地工程用海,城镇建设填海造地用海,"建设填海造地"
77,2012-02-01,初始登记,渔业用海,开放式养殖用海,"开放式养殖"
78,2015-03-01,初始登记,工业用海,电力工业用海,"非透水构筑物"
79,2015-04-01,初始登记,工业用海,电力工业用海,"非透水构筑物"
80,2015-02-01,初始登记,工业用海,电力工业用海,"非透水构筑物"
81,2013-06-01,初始登记,造地工程用海,城镇建设填海造地用海,"建设填海造地"
82,2013-05-01,初始登记,工业用海,电力工业用海,"非透水构筑物"
83,2015-02-01,初始登记,工业用海,电力工业用海,"非透水构筑物"
84,2010-06-01,初始登记,渔业用海,开放式养殖用海,"开放式养殖"
85,2012-06-01,初始登记,工业用海,电力工业用海,"非透水构筑物"
86,2014-05-01,初始登记,造地工程用海,城镇建设填海造地用海,"建设填海造地"
87,2014-06-01,初始登记,工业用海,电力工业用海,"非透水构筑物"
88,2015-02-01,初始登记,工业用海,电力工业用海,"非透水构筑物"
89,2016-05-01,初始登记,工业用海,电力工业用海,"非透水构筑物"
90,2015-06-01,初始登记,工业用海,电力工业用海,"非透水构筑物"
91,2013-06-01,初始登记,工业用海,电力工业用海,"非透水构筑物"
92,2014-05-01,初始登记,工业用海,电力工业用海,"非透水构筑物"
93,2015-04-01,初始登记,工业用海,电力工业用海,"非透水构筑物"
94,2014-06-01,变更登记,渔业用海,开放式养殖用海,"开放式养殖"
95,2015-06-01,变更登记,渔业用海,开放式养殖用海,"开放式养殖"
96,2011-05-01,初始登记,渔业用海,围海养殖用海,"围海养殖"
97,2014-06-01,初始登记,渔业用海,围海养殖用海,"围海养殖"
98,2010-06-01,初始登记,渔业用海,围海养殖用海,"围海养殖"
99,2010-05-01,初始登记,渔业用海,围海养殖用海,"围海养殖"
100,2015-05-01,初始登记,渔业用海,围海养殖用海,"围海养殖"
101,2015-04-01,初始登记,工业用海,电力工业用海,"非透水构筑物"
102,2014-06-01,初始登记,造地工程用海,城镇建设填海造地用海,"建设填海造地"
103,2010-02-01,初始登记,工业用海,电力工业用海,"非透水构筑物"
104,2013-05-01,初始登记,工业用海,电力工业用海,"非透水构筑物"
105,2013-05-01,初始登记,工业用海,电力工业用海,"非透水构筑物"
106,2016-06-01,初始登记,工业用海,电力工业用海,"非透水构筑物"
107,2012-06-01,初始登记,工业用海,电力工业用海,"非透水构筑物"
108,2015-06-01,初始登记,造地工程用海,城镇建设填海造地用海,"建设填海造地"
109,2016-04-01,初始登记,工业用海,电力工业用海,"非透水构筑物"
110,2016-06-01,初始登记,造地工程用海,城镇建设填海造地用海,"建设填海造地"
111,2014-03-01,初始登记,工业用海,电力工业用海,"非透水构筑物"
112,2013-02-01,初始登记,工业用海,电力工业用海,"非透水构筑物"
113,2012-04-01,初始登记,工业用海,电力工业用海,"非透水构筑物"
114,2013-05-01,初始登记,造地工程用海,城镇建设填海造地用海,"建设填海造地"
115,2013-05-01,初始登记,造地工程用海,城镇建设填海造地用海,"建设填海造地"
116,2012-06-01,初始登记,工业用海,电力工业用海,"非透水构筑物"
117,2014-03-01,初始登记,工业用海,电力工业用海,"非透水构筑物"
118,2014-06-01,初始登记,渔业用海,围海养殖用海,"围海养殖"
119,2015-06-01,初始登记,渔业用海,围海养殖用海,"围海养殖"
120,2013-06-01,初始登记,渔业用海,围海养殖用海,"围海养殖"
121,2014-03-01,初始登记,工业用海,电力工业用海,"建设填海造地"
122,2014-06-01,初始登记,造地工程用海,城镇建设填海造地用海,"建设填海造地"
123,2014-05-01,初始登记,工业用海,电力工业用海,"非透水构筑物"
124,2010-04-01,初始登记,造地工程用海,城镇建设填海造地用海,"建设填海造地"
125,2012-05-01,初始登记,渔业用海,开放式养殖用海,"开放式养殖"
126,2015-06-01,初始登记,工业用海,电力工业用海,"非透水构筑物"
127,2012-06-01,初始登记,工业用海,电力工业用海,"非透水构筑物"
128,2015-06-01,初始登记,工业用海,电力工业用海,"非透水构筑物"
129,2015-06-01,初始登记,工业用海,电力工业用海,"非透水构筑物"
130,2010-05-01,初始登记,工业用海,电力工业用海,"非透水构筑物"
131,2012-05-01,初始登记,工业用海,电力工业用海,"非透水构筑物"
132,2016-02-01,初始登记,工业用海,电力工业用海,"非透水构筑物"
133,2012-04-01,初始登记,工业用海,电力工业用海,"非透水构筑物"
134,2016-04-01,初始登记,工业用海,电力工业用海,"非透水构筑物"
135,2013-06-01,初始登记,工业用海,电力工业用海,"非透水构筑物"
136,2016-06-01,初始登记,工业用海,电力工业用海,"非透水构筑物"
137,2013-03-01,初始登记,工业用海,电力工业用海,"非透水构筑物"
138,2015-06-01,初始登记,工业用海,电力工业用海,"非透水构筑物"
139,2012-06-01,初始登记,渔业用海,围海养殖用海,"围海养殖"
140,2015-06-01,初始登记,渔业用海,开放式养殖用海,"开放式养殖"
141,2014-02-01,初始登记,渔业用海,围海养殖用海,"围海养殖"
142,2014-06-01,初始登记,渔业用海,开放式养殖用海,"开放式养殖"
143,2015-03-01,初始登记,渔业用海,围海养殖用海,"围海养殖"
144,2012-06-01,初始登记,造地工程用海,城镇建设填海造地用海,"建设填海造地"
145,2010-06-01,初始登记,造地工程用海,城镇建设填海造地用海,"建设填海造地"
146,2012-04-01,初始登记,工业用海,电力工业用海,"非透水构筑物"
147,2013-04-01,初始登记,造地工程用海,城镇建设填海造地用海,"建设填海造地"
148,2011-06-01,初始登记,渔业用海,围海养殖用海,"开放式养殖"
149,2013-06-01,初始登记,工业用海,电力工业用海,"非透水构筑物"
150,2015-06-01,初始登记,工业用海,电力工业用海,"非透水构筑物"
151,2013-05-01,初始登记,工业用海,电力工业用海,"非透水构筑物"
152,2014-05-01,初始登记,工业用海,电力工业用海,"非透水构筑物"
153,2015-05-01,初始登记,造地工程用海,城镇建设填海造地用海,"建设填海造地"
154,2014-06-01,初始登记,工业用海,电力工业用海,"非透水构筑物"
155,2011-03-01,初始登记,工业用海,电力工业用海,"非透水构筑物"
156,2016-06-01,初始登记,工业用海,电力工业用海,"非透水构筑物"
157,2015-05-01,初始登记,工业用海,电力工业用海,"非透水构筑物"
158,2016-06-01,初始登记,工业用海,电力工业用海,"非透水构筑物"
159,2016-02-01,初始登记,造地工程用海,城镇建设填海造地用海,"建设填海造地"
160,2015-06-01,初始登记,工业用海,电力工业用海,"非透水构筑物"
161,2012-06-01,初始登记,工业用海,电力工业用海,"非透水构筑物"
162,2012-06-01,初始登记,工业用海,电力工业用海,"非透水构筑物"
163,2016-06-01,初始登记,工业用海,电力工业用海,"非透水构筑物"
164,2016-03-01,初始登记,工业用海,电力工业用海,"非透水构筑物"
165,2015-06-01,初始登记,工业用海,电力工业用海,"非透水构筑物"
166,2016-02-01,初始登记,工业用海,电力工业用海,"非透水构筑物"
167,2015-05-01,初始登记,工业用海,电力工业用海,"非透水构筑物"
168,2012-06-01,初始登记,造地工程用海,城镇建设填海造地用海,"建设填海造地"
169,2015-05-01,初始登记,工业用海,电力工业用海,"非透水构筑物"
170,2015-02-01,初始登记,工业用海,电力工业用海,"非透水构筑物"
171,2015-05-01,初始登记,工业用海,电力工业用海,"非透水构筑物"
172,2012-03-01,初始登记,工业用海,电力工业用海,"非透水构筑物"
173,2013-04-01,初始登记,工业用海,电力工业用海,"非透水构筑物"
174,2014-03-01,初始登记,渔业用海,围海养殖用海,"开放式养殖"
175,2013-02-01,初始登记,工业用海,电力工业用海,"非透水构筑物"
176,2016-06-01,初始登记,工业用海,电力工业用海,"非透水构筑物"
177,2015-06-01,初始登记,工业用海,电力工业用海,"非透水构筑物"
178,2016-06-01,初始登记,工业用海,电力工业用海,"非透水构筑物"
179,2014-06-01,初始登记,工业用海,电力工业用海,"非透水构筑物"
180,2015-06-01,初始登记,工业用海,电力工业用海,"非透水构筑物"
181,2014-05-01,初始登记,工业用海,电力工业用海,"非透水构筑物"
182,2015-04-01,初始登记,工业用海,电力工业用海,"非透水构筑物"
183,2016-06-01,初始登记,工业用海,电力工业用海,"非透水构筑物"
184,2015-05-01,初始登记,工业用海,电力工业用海,"非透水构筑物"
185,2016-06-01,初始登记,造地工程用海,城镇建设填海造地用海,"建设填海造地"
186,2016-03-01,初始登记,工业用海,电力工业用海,"非透水构筑物"
187,2016-04-01,初始登记,工业用海,电力工业用海,"非透水构筑物"
188,2016-06-01,初始登记,渔业用海,围海养殖用海,"围海养殖"
189,2014-05-01,初始登记,渔业用海,围海养殖用海,"围海养殖"
190,2011-06-01,初始登记,工业用海,电力工业用海,"非透水构筑物"
191,2013-05-01,初始登记,渔业用海,围海养殖用海,"围海养殖"
192,2016-06-01,初始登记,渔业用海,围海养殖用海,"围海养殖"
193,2013-05-01,初始登记,工业用海,电力工业用海,"非透水构筑物"
194,2012-03-01,初始登记,渔业用海,围海养殖用海,"围海养殖"
195,2016-06-01,初始登记,渔业用海,围海养殖用海,"围海养殖"
196,2016-06-01,初始登记,渔业用海,围海养殖用海,"围海养殖"
197,2012-06-01,初始登记,造地工程用海,城镇建设填海造地用海,"建设填海造地"
198,2016-06-01,初始登记,造地工程用海,城镇建设填海造地用海,"建设填海造地"
199,2015-04-01,初始登记,工业用海,电力工业用海,"非透水构筑物"
200,2011-02-01,初始登记,工业用海,电力工业用海,"非透水构筑物"
201,2012-04-01,初始登记,工业用海,电力工业用海,"非透水构筑物"
202,2012-02-01,初始登记,工业用海,电力工业用海,"非透水构筑物"
203,2012-05-01,初始登记,造地工程用海,城镇建设填海造地用海,"建设填海造地"
204,2015-04-01,初始登记,工业用海,电力工业用海,"非透水构筑物"
205,2016-06-01,初始登记,工业用海,电力工业用海,"非透水构筑物"
206,2011-05-01,初始登记,工业用海,电力工业用海,"非透水构筑物"
207,2016-05-01,初始登记,工业用海,电力工业用海,"非透水构筑物"
208,2014-04-01,初始登记,工业用海,电力工业用海,"非透水构筑物"
209,2016-06-01,初始登记,工业用海,电力工业用海,"非透水构筑物"
210,2013-02-01,初始登记,工业用海,电力工业用海,"非透水构筑物"
211,2015-05-01,初始登记,工业用海,电力工业用海,"非透水构筑物"
212,2016-06-01,初始登记,工业用海,电力工业用海,"非透水构筑物"
213,2015-05-01,初始登记,造地工程用海,城镇建设填海造地用海,"建设填海造地"
214,2016-06-01,初始登记,工业用海,电力工业用海,"非透水构筑物"
215,2016-06-01,初始登记,工业用海,电力工业用海,"非透水构筑物"
216,2016-05-01,初始登记,工业用海,电力工业用海,"非透水构筑物"
217,2012-06-01,初始登记,工业用海,电力工业用海,"非透水构筑物"
218,2015-05-01,初始登记,工业用海,电力工业用海,"非透水构筑物"
219,2011-02-01,初始登记,工业用海,电力工业用海,"非透水构筑物"
220,2015-04-01,初始登记,工业用海,电力工业用海,"非透水构筑物"
221,2010-03-01,初始登记,工业用海,电力工业用海,"非透水构筑物"
222,2016-03-01,初始登记,工业用海,电力工业用海,"非透水构筑物"
223,2014-02-01,初始登记,渔业用海,开放式养殖用海,"开放式养殖"
224,2014-04-01,初始登记,工业用海,电力工业用海,"非透水构筑物"
225,2014-05-01,初始登记,工业用海,电力工业用海,"非透水构筑物"
226,2015-06-01,初始登记,工业用海,电力工业用海,"非透水构筑物"
227,2015-05-01,初始登记,工业用海,电力工业用海,"非透水构筑物"
228,2016-05-01,初始登记,渔业用海,围海养殖用海,"围海养殖"
229,2015-06-01,初始登记,渔业用海,围海养殖用海,"围海养殖"
230,2010-04-01,初始登记,渔业用海,围海养殖用海,"围海养殖"
231,2012-04-01,初始登记,造地工程用海,城镇建设填海造地用海,"建设填海造地"
232,2010-06-01,初始登记,造地工程用海,城镇建设填海造地用海,"建设填海造地"
233,2016-04-01,初始登记,工业用海,电力工业用海,"非透水构筑物"
234,2016-06-01,初始登记,造地工程用海,城镇建设填海造地用海,"建设填海造地"
235,2016-02-01,初始登记,工业用海,电力工业用海,"非透水构筑物"
236,2016-06-01,初始登记,造地工程用海,城镇建设填海造地用海,"建设填海造地"
237,2014-06-01,初始登记,工业用海,电力工业用海,"非透水构筑物"
238,2013-05-01,初始登记,工业用海,电力工业用海,"非透水构筑物"
239,2013-06-01,初始登记,工业用海,电力工业用海,"非透水构筑物"
240,2012-03-01,初始登记,工业用海,电力工业用海,"非透水构筑物"
241,2014-05-01,初始登记,工业用海,电力工业用海,"非透水构筑物"
242,2011-06-01,初始登记,工业用海,电力工业用海,"非透水构筑物"
243,2016-04-01,初始登记,工业用海,电力工业用海,"非透水构筑物"
244,2015-04-01,初始登记,工业用海,电力工业用海,"非透水构筑物"
245,2016-04-01,初始登记,工业用海,电力工业用海,"非透水构筑物"
246,2012-06-01,初始登记,工业用海,电力工业用海,"非透水构筑物"
247,2014-04-01,初始登记,工业用海,电力工业用海,"非透水构筑物"
248,2016-04-01,初始登记,造地工程用海,城镇建设填海造地用海,"建设填海造地"
249,2015-06-01,初始登记,工业用海,电力工业用海,"非透水构筑物"
250,2015-02-01,初始登记,造地工程用海,城镇建设填海造地用海,"建设填海造地"
251,2013-04-01,初始登记,工业用海,电力工业用海,"非透水构筑物"
252,2013-02-01,初始登记,工业用海,电力工业用海,"非透水构筑物"
253,2016-05-01,初始登记,造地工程用海,城镇建设填海造地用海,"建设填海造地"
254,2014-04-01,初始登记,工业用海,电力工业用海,"非透水构筑物"
255,2014-03-01,初始登记,工业用海,电力工业用海,"非透水构筑物"
256,2016-05-01,初始登记,工业用海,电力工业用海,"非透水构筑物"
257,2014-05-01,初始登记,工业用海,电力工业用海,"非透水构筑物"
258,2012-06-01,初始登记,工业用海,电力工业用海,"非透水构筑物"
259,2013-06-01,初始登记,工业用海,电力工业用海,"非透水构筑物"
260,2016-05-01,初始登记,工业用海,电力工业用海,"非透水构筑物"
261,2015-05-01,初始登记,工业用海,电力工业用海,"非透水构筑物"
262,2015-06-01,初始登记,工业用海,电力工业用海,"非透水构筑物"
263,2011-05-01,初始登记,造地工程用海,城镇建设填海造地用海,"建设填海造地"
264,2014-05-01,初始登记,工业用海,电力工业用海,"非透水构筑物"
265,2013-06-01,初始登记,工业用海,电力工业用海,"非透水构筑物"
266,2011-05-01,初始登记,工业用海,电力工业用海,"非透水构筑物"
267,2015-02-01,初始登记,工业用海,电力工业用海,"非透水构筑物"
268,2014-06-01,初始登记,造地工程用海,城镇建设填海造地用海,"建设填海造地"
269,2010-05-01,初始登记,造地工程用海,城镇建设填海造地用海,"建设填海造地"
270,2016-06-01,初始登记,工业用海,电力工业用海,"非透水构筑物"
271,2014-06-01,初始登记,工业用海,电力工业用海,"非透水构筑物"
272,2014-06-01,初始登记,工业用海,电力工业用海,"非透水构筑物"
273,2016-06-01,初始登记,工业用海,电力工业用海,"非透水构筑物"
274,2010-06-01,初始登记,工业用海,电力工业用海,"非透水构筑物"
275,2015-05-01,初始登记,工业用海,电力工业用海,"建设填海造地"
276,2015-05-01,初始登记,工业用海,电力工业用海,"非透水构筑物"
277,2012-05-01,初始登记,工业用海,电力工业用海,"非透水构筑物"
278,2012-04-01,初始登记,工业用海,电力工业用海,"非透水构筑物"
279,2010-06-01,初始登记,工业用海,电力工业用海,"非透水构筑物"
280,2012-05-01,初始登记,工业用海,电力工业用海,"非透水构筑物"
281,2014-06-01,初始登记,工业用海,电力工业用海,"非透水构筑物"
282,2013-04-01,初始登记,工业用海,电力工业用海,"非透水构筑物"
283,2012-06-01,初始登记,工业用海,电力工业用海,"非透水构筑物"
284,2013-02-01,初始登记,工业用海,电力工业用海,"非透水构筑物"
285,2014-06-01,初始登记,工业用海,电力工业用海,"非透水构筑物"
286,2012-06-01,初始登记,工业用海,电力工业用海,"非透水构筑物"
287,2015-06-01,初始登记,工业用海,电力工业用海,"非透水构筑物"
288,2012-05-01,初始登记,工业用海,电力工业用海,"非透水构筑物"
289,2012-06-01,初始登记,工业用海,电力工业用海,"非透水构筑物"
290,2016-06-01,初始登记,工业用海,电力工业用海,"非透水构筑物"
291,2013-04-01,初始登记,工业用海,电力工业用海,"非透水构筑物"
292,2010-05-01,初始登记,造地工程用海,城镇建设填海造地用海,"建设填海造地"
293,2012-05-01,初始登记,工业用海,电力工业用海,"非透水构筑物"
294,2015-06-01,初始登记,工业用海,电力工业用海,"非透水构筑物"
295,2011-04-01,初始登记,工业用海,电力工业用海,"非透水构筑物"
296,2010-04-01,初始登记,造地工程用海,城镇建设填海造地用海,"建设填海造地"
297,2014-05-01,初始登记,工业用海,电力工业用海,"非透水构筑物"
298,2012-05-01,初始登记,工业用海,电力工业用海,"非透水构筑物"
299,2015-04-01,初始登记,工业用海,电力工业用海,"非透水构筑物"
300,2015-06-01,初始登记,工业用海,电力工业用海,"非透水构筑物"
301,2010-06-01,初始登记,工业用海,电力工业用海,"非透水构筑物"
302,2013-03-01,初始登记,造地工程用海,城镇建设填海造地用海,"建设填海造地"
303,2015-05-01,初始登记,工业用海,电力工业用海,"非透水构筑物"
304,2016-05-01,初始登记,工业用海,电力工业用海,"非透水构筑物"
305,2014-06-01,初始登记,渔业用海,开放式养殖用海,"开放式养殖"
306,2014-03-01,初始登记,渔业用海,围海养殖用海,"围海养殖"
307,2016-06-01,初始登记,工业用海,电力工业用海,"非透水构筑物"
308,2011-04-01,初始登记,造地工程用海,城镇建设填海造地用海,"建设填海造地"
309,2014-04-01,初始登记,工业用海,电力工业用海,"非透水构筑物"
310,2013-05-01,初始登记,渔业用海,围海养殖用海,"围海养殖"
311,2011-03-01,初始登记,工业用海,电力工业用海,"非透水构筑物"
312,2015-06-01,初始登记,工业用海,电力工业用海,"非透水构筑物"
313,2016-05-01,初始登记,工业用海,电力工业用海,"非透水构筑物"
314,2016-04-01,初始登记,工业用海,电力工业用海,"非透水构筑物"
315,2014-05-01,初始登记,工业用海,电力工业用海,"非透水构筑物"
316,2015-05-01,初始登记,工业用海,电力工业用海,"非透水构筑物"
317,2010-05-01,初始登记,工业用海,电力工业用海,"非透水构筑物"
318,2012-06-01,初始登记,工业用海,电力工业用海,"非透水构筑物"
319,2015-04-01,初始登记,渔业用海,围海养殖用海,"围海养殖"
320,2013-04-01,初始登记,工业用海,电力工业用海,"非透水构筑物"
321,2012-03-01,初始登记,工业用海,电力工业用海,"非透水构筑物"
322,2013-05-01,初始登记,工业用海,电力工业用海,"非透水构筑物"
323,2010-03-01,初始登记,工业用海,电力工业用海,"非透水构筑物"
324,2016-06-01,初始登记,工业用海,电力工业用海,"非透水构筑物"
325,2015-06-01,初始登记,工业用海,电力工业用海,"非透水构筑物"
326,2014-04-01,初始登记,工业用海,电力工业用海,"非透水构筑物"
327,2015-02-01,初始登记,工业用海,电力工业用海,"非透水构筑物"
328,2014-04-01,变更登记,渔业用海,围海养殖用海,"围海养殖"
329,2014-06-01,初始登记,渔业用海,围海养殖用海,"围海养殖"
330,2015-05-01,初始登记,渔业用海,围海养殖用海,"围海养殖"
331,2015-06-01,变更登记,渔业用海,开放式养殖用海,"开放式养殖"
332,2012-06-01,初始登记,造地工程用海,城镇建设填海造地用海,"建设填海造地"
333,2013-06-01,初始登记,工业用海,电力工业用海,"非透水构筑物"
334,2012-05-01,初始登记,工业用海,电力工业用海,"非透水构筑物"
335,2014-05-01,初始登记,工业用海,电力工业用海,"非透水构筑物"
336,2016-06-01,初始登记,造地工程用海,城镇建设填海造地用海,"建设填海造地"
337,2015-06-01,初始登记,工业用海,电力工业用海,"非透水构筑物"
338,2014-05-01,初始登记,造地工程用海,城镇建设填海造地用海,"建设填海造地"
339,2014-05-01,初始登记,工业用海,电力工业用海,"非透水构筑物"
340,2011-06-01,初始登记,工业用海,电力工业用海,"非透水构筑物"
341,2016-06-01,初始登记,工业用海,电力工业用海,"非透水构筑物"
342,2011-06-01,初始登记,工业用海,电力工业用海,"非透水构筑物"
343,2011-04-01,初始登记,工业用海,电力工业用海,"非透水构筑物"
344,2014-06-01,初始登记,工业用海,电力工业用海,"非透水构筑物"
345,2013-02-01,初始登记,工业用海,电力工业用海,"非透水构筑物"
346,2013-04-01,初始登记,造地工程用海,城镇建设填海造地用海,"建设填海造地"
347,2010-04-01,初始登记,渔业用海,开放式养殖用海,"围海养殖"
348,2012-05-01,初始登记,渔业用海,围海养殖用海,"围海养殖"
349,2015-04-01,初始登记,渔业用海,围海养殖用海,"围海养殖"
350,2015-06-01,初始登记,渔业用海,开放式养殖用海,"开放式养殖"
351,2010-04-01,初始登记,造地工程用海,城镇建设填海造地用海,"建设填海造地"
352,2015-06-01,初始登记,造地工程用海,城镇建设填海造地用海,"建设填海造地"
353,2015-03-01,初始登记,造地工程用海,城镇建设填海造地用海,"建设填海造地"
354,2014-04-01,初始登记,工业用海,电力工业用海,"非透水构筑物"
355,2015-05-01,初始登记,工业用海,电力工业用海,"非透水构筑物"
356,2013-04-01,初始登记,工业用海,电力工业用海,"非透水构筑物"
357,2013-05-01,初始登记,工业用海,电力工业用海,"非透水构筑物"
358,2012-05-01,初始登记,工业用海,电力工业用海,"非透水构筑物"
359,2014-05-01,初始登记,工业用海,电力工业用海,"非透水构筑物"
360,2016-06-01,初始登记,工业用海,电力工业用海,"非透水构筑物"
361,2015-05-01,初始登记,工业用海,电力工业用海,"非透水构筑物"
362,2011-06-01,初始登记,造地工程用海,城镇建设填海造地用海,"建设填海造地"
363,2012-06-01,初始登记,工业用海,电力工业用海,"非透水构筑物"
364,2015-05-01,初始登记,工业用海,电力工业用海,"非透水构筑物"
365,2011-05-01,初始登记,渔业用海,围海养殖用海,"围海养殖"
366,2016-06-01,初始登记,工业用海,电力工业用海,"非透水构筑物"
367,2016-04-01,初始登记,渔业用海,开放式养殖用海,"开放式养殖"
368,2016-05-01,初始登记,工业用海,电力工业用海,"非透水构筑物"
369,2011-02-01,初始登记,造地工程用海,城镇建设填海造地用海,"建设填海造地"
370,2011-05-01,初始登记,工业用海,电力工业用海,"非透水构筑物"
371,2014-06-01,初始登记,工业用海,电力工业用海,"非透水构筑物"
372,2016-05-01,初始登记,工业用海,电力工业用海,"非透水构筑物"
373,2016-04-01,初始登记,工业用海,电力工业用海,"非透水构筑物"
374,2016-06-01,初始登记,工业用海,电力工业用海,"非透水构筑物"
375,2015-06-01,初始登记,工业用海,电力工业用海,"非透水构筑物"
376,2014-05-01,初始登记,工业用海,电力工业用海,"非透水构筑物"
377,2012-04-01,初始登记,工业用海,电力工业用海,"非透水构筑物"
378,2016-05-01,初始登记,工业用海,电力工业用海,"非透水构筑物"
379,2013-06-01,初始登记,工业用海,电力工业用海,"非透水构筑物"
380,2014-06-01,初始登记,工业用海,电力工业用海,"非透水构筑物"
381,2015-05-01,初始登记,造地工程用海,城镇建设填海造地用海,"建设填海造地"
382,2011-06-01,初始登记,工业用海,电力工业用海,"非透水构筑物"
383,2013-06-01,初始登记,造地工程用海,城镇建设填海造地用海,"建设填海造地"
384,2012-05-01,初始登记,造地工程用海,城镇建设填海造地用海,"建设填海造地"
385,2016-04-01,初始登记,工业用海,电力工业用海,"非透水构筑物"
386,2012-02-01,初始登记,工业用海,电力工业用海,"非透水构筑物"
387,2015-04-01,初始登记,工业用海,电力工业用海,"非透水构筑物"
388,2011-04-01,初始登记,造地工程用海,城镇建设填海造地用海,"建设填海造地"
389,2013-06-01,初始登记,造地工程用海,城镇建设填海造地用海,"建设填海造地"
390,2014-05-01,初始登记,工业用海,电力工业用海,"非透水构筑物"
391,2012-05-01,初始登记,工业用海,电力工业用海,"非透水构筑物"
392,2015-06-01,初始登记,工业用海,电力工业用海,"非透水构筑物"
393,2016-05-01,初始登记,工业用海,电力工业用海,"非透水构筑物"
394,2014-06-01,初始登记,工业用海,电力工业用海,"非透水构筑物"
395,2011-06-01,初始登记,工业用海,电力工业用海,"非透水构筑物"
396,2016-05-01,初始登记,工业用海,电力工业用海,"非透水构筑物"
397,2011-06-01,初始登记,工业用海,电力工业用海,"非透水构筑物"
398,2015-04-01,初始登记,工业用海,电力工业用海,"非透水构筑物"
399,2015-06-01,初始登记,工业用海,电力工业用海,"非透水构筑物"
400,2013-04-01,初始登记,工业用海,电力工业用海,"非透水构筑物"
401,2016-05-01,初始登记,渔业用海,围海养殖用海,"围海养殖"
402,2014-04-01,初始登记,渔业用海,渔业基础设施用海,"围海养殖"
403,2016-05-01,初始登记,交通运输用海,港口用海,"建设填海造地"
404,2015-03-01,变更登记,渔业用海,开放式养殖用海,"开放式养殖"
405,2013-06-01,初始登记,工业用海,电力工业用海,"非透水构筑物"
406,2015-05-01,初始登记,造地工程用海,城镇建设填海造地用海,"建设填海造地"
407,2016-04-01,初始登记,造地工程用海,城镇建设填海造地用海,"建设填海造地"
408,2012-04-01,初始登记,工业用海,电力工业用海,"非透水构筑物"
409,2014-04-01,初始登记,造地工程用海,城镇建设填海造地用海,"建设填海造地"
410,2016-03-01,初始登记,工业用海,电力工业用海,"非透水构筑物"
411,2016-05-01,初始登记,工业用海,电力工业用海,"非透水构筑物"
412,2014-04-01,初始登记,工业用海,电力工业用海,"非透水构筑物"
413,2016-05-01,初始登记,工业用海,电力工业用海,"非透水构筑物"
414,2013-04-01,初始登记,工业用海,电力工业用海,"非透水构筑物"
415,2015-06-01,初始登记,工业用海,电力工业用海,"非透水构筑物"
416,2013-05-01,初始登记,工业用海,电力工业用海,"非透水构筑物"
417,2016-05-01,初始登记,造地工程用海,城镇建设填海造地用海,"建设填海造地"
418,2016-06-01,初始登记,工业用海,电力工业用海,"非透水构筑物"
419,2012-04-01,初始登记,工业用海,电力工业用海,"非透水构筑物"
420,2012-05-01,初始登记,工业用海,电力工业用海,"非透水构筑物"
421,2016-06-01,初始登记,造地工程用海,城镇建设填海造地用海,"建设填海造地"
422,2015-06-01,初始登记,渔业用海,围海养殖用海,"围海养殖"
423,2014-04-01,初始登记,渔业用海,开放式养殖用海,"开放式养殖"
424,2016-04-01,变更登记,渔业用海,围海养殖用海,"围海养殖"
425,2016-06-01,变更登记,渔业用海,围海养殖用海,"围海养殖"
426,2016-05-01,变更登记,渔业用海,开放式养殖用海,"开放式养殖"
427,2014-06-01,变更登记,工业用海,其它工业用海,"建设填海造地"
428,2014-02-01,变更登记,工业用海,其它工业用海,"建设填海造地"
429,2013-05-01,变更登记,渔业用海,开放式养殖用海,"开放式养殖"
430,2011-06-01,初始登记,渔业用海,围海养殖用海,"围海养殖"
431,2016-06-01,初始登记,渔业用海,开放式养殖用海,"开放式养殖"
432,2014-06-01,变更登记,渔业用海,开放式养殖用海,"开放式养殖"
433,2015-05-01,初始登记,渔业用海,围海养殖用海,"围海养殖"
434,2011-05-01,初始登记,渔业用海,围海养殖用海,"围海养殖"
435,2014-06-01,初始登记,渔业用海,围海养殖用海,"围海养殖"
436,2012-04-01,初始登记,渔业用海,围海养殖用海,"围海养殖"
437,2012-05-01,初始登记,渔业用海,围海养殖用海,"围海养殖"
438,2014-04-01,初始登记,渔业用海,围海养殖用海,"围海养殖"
439,2015-05-01,初始登记,渔业用海,围海养殖用海,"围海养殖"
440,2016-04-01,初始登记,渔业用海,围海养殖用海,"围海养殖"
441,2013-04-01,初始登记,渔业用海,围海养殖用海,"开放式养殖"
442,2013-06-01,初始登记,渔业用海,开放式养殖用海,"开放式养殖"
443,2015-06-01,初始登记,渔业用海,围海养殖用海,"围海养殖"
444,2012-03-01,初始登记,渔业用海,围海养殖用海,"围海养殖"
445,2010-04-01,初始登记,渔业用海,围海养殖用海,"围海养殖"
446,2015-06-01,初始登记,渔业用海,围海养殖用海,"围海养殖"
447,2013-05-01,初始登记,渔业用海,围海养殖用海,"围海养殖"
448,2014-06-01,初始登记,渔业用海,围海养殖用海,"围海养殖"
449,2010-05-01,初始登记,特殊用海,海洋保护区用海,"专用航道、锚地及其它开放式"
450,2010-05-01,变更登记,渔业用海,开放式养殖用海,"开放式养殖"
451,2016-02-01,初始登记,渔业用海,围海养殖用海,"围海养殖"
452,2016-06-01,初始登记,渔业用海,围海养殖用海,"围海养殖"
453,2015-06-01,初始登记,渔业用海,围海养殖用海,"围海养殖"
454,2010-06-01,初始登记,渔业用海,围海养殖用海,"围海养殖"
455,2015-05-01,初始登记,渔业用海,围海养殖用海,"围海养殖"
456,2016-04-01,初始登记,渔业用海,围海养殖用海,"围海养殖"
457,2015-02-01,初始登记,渔业用海,围海养殖用海,"围海养殖"
458,2012-04-01,初始登记,渔业用海,围海养殖用海,"围海养殖"
459,2016-06-01,变更登记,渔业用海,开放式养殖用海,"开放式养殖"
460,2015-06-01,变更登记,渔业用海,开放式养殖用海,"开放式养殖"
461,2014-05-01,变更登记,渔业用海,开放式养殖用海,"开放式养殖"
462,2013-03-01,初始登记,渔业用海,开放式养殖用海,"开放式养殖"
463,2012-04-01,变更登记,渔业用海,开放式养殖用海,"开放式养殖"
464,2015-04-01,变更登记,渔业用海,开放式养殖用海,"开放式养殖"
465,2012-04-01,变更登记,渔业用海,开放式养殖用海,"开放式养殖"
466,2016-04-01,变更登记,渔业用海,开放式养殖用海,"开放式养殖"
467,2015-05-01,初始登记,造地工程用海,城镇建设填海造地用海,"建设填海造地"
468,2011-02-01,初始登记,渔业用海,开放式养殖用海,"开放式养殖"
469,2015-05-01,初始登记,工业用海,电力工业用海,"建设填海造地"
470,2015-05-01,初始登记,工业用海,电力工业用海,"建设填海造地"
471,2011-04-01,初始登记,工业用海,电力工业用海,"建设填海造地"
472,2014-06-01,初始登记,工业用海,电力工业用海,"建设填海造地"
473,2012-05-01,初始登记,工业用海,电力工业用海,"海底电缆管道"
474,2011-03-01,初始登记,工业用海,电力工业用海,"透水构筑物"
475,2014-03-01,初始登记,造地工程用海,城镇建设填海造地用海,"建设填海造地"
476,2016-05-01,初始登记,造地工程用海,城镇建设填海造地用海,"建设填海造地"
477,2015-05-01,初始登记,造地工程用海,城镇建设填海造地用海,"建设填海造地"
478,2013-05-01,初始登记,造地工程用海,城镇建设填海造地用海,"建设填海造地"
479,2015-03-01,初始登记,造地工程用海,城镇建设填海造地用海,"建设填海造地"
480,2015-05-01,初始登记,造地工程用海,城镇建设填海造地用海,"建设填海造地"
481,2015-06-01,初始登记,工业用海,电力工业用海,"透水构筑物"
482,2014-05-01,初始登记,其它用海," ","建设填海造地"
483,2011-06-01,变更登记,交通运输用海,港口用海,"建设填海造地"
484,2015-05-01,变更登记,交通运输用海,港口用海,"建设填海造地"
485,2016-06-01,初始登记,交通运输用海,路桥用海,"透水构筑物"
486,2016-04-01,变更登记,渔业用海,开放式养殖用海,"开放式养殖"
487,2012-03-01,变更登记,渔业用海,开放式养殖用海,"开放式养殖"
488,2013-06-01,变更登记,渔业用海,开放式养殖用海,"开放式养殖"
489,2015-03-01,初始登记,渔业用海,围海养殖用海,"围海养殖"
490,2010-06-01,初始登记,渔业用海,围海养殖用海,"围海养殖"
491,2013-06-01,变更登记,渔业用海,开放式养殖用海,"开放式养殖"
492,2014-06-01,变更登记,渔业用海,围海养殖用海,"围海养殖"
493,2010-05-01,初始登记,工业用海,电力工业用海,"透水构筑物"
494,2011-05-01,变更登记,渔业用海,开放式养殖用海,"开放式养殖"
495,2014-05-01,变更登记,渔业用海,开放式养殖用海,"开放式养殖"
496,2015-05-01,变更登记,渔业用海,开放式养殖用海,"开放式养殖"
497,2016-05-01,变更登记,渔业用海,开放式养殖用海,"开放式养殖"
498,2015-05-01,变更登记,渔业用海,开放式养殖用海,"开放式养殖"
499,2016-05-01,变更登记,渔业用海,开放式养殖用海,"开放式养殖"
500,2016-06-01,变更登记,渔业用海,围海养殖用海,"围海养殖"
501,2012-06-01,变更登记,渔业用海,围海养殖用海,"围海养殖"
502,2012-06-01,变更登记,渔业用海,围海养殖用海,"围海养殖"
503,2015-05-01,初始登记,渔业用海,开放式养殖用海,"开放式养殖"
504,2015-04-01,初始登记,渔业用海,开放式养殖用海,"开放式养殖"
505,2012-06-01,初始登记,渔业用海,围海养殖用海,"围海养殖"
506,2015-04-01,初始登记,渔业用海,围海养殖用海,"围海养殖"
507,2015-06-01,初始登记,渔业用海,围海养殖用海,"围海养殖"
508,2014-05-01,初始登记,渔业用海,开放式养殖用海,"开放式养殖"
509,2016-04-01,初始登记,渔业用海,开放式养殖用海,"开放式养殖"
510,2016-04-01,初始登记,渔业用海,围海养殖用海,"围海养殖"
511,2011-04-01,初始登记,渔业用海,开放式养殖用海,"开放式养殖"
512,2015-05-01,初始登记,渔业用海,开放式养殖用海,"开放式养殖"
513,2012-04-01,初始登记,渔业用海,开放式养殖用海,"开放式养殖"
514,2014-04-01,初始登记,渔业用海,开放式养殖用海,"开放式养殖"
515,2013-06-01,初始登记,渔业用海,开放式养殖用海,"开放式养殖"
516,2012-02-01,初始登记,渔业用海,渔业基础设施用海,"开放式养殖"
517,2012-05-01,初始登记,渔业用海,围海养殖用海,"围海养殖"
518,2015-03-01,初始登记,渔业用海,开放式养殖用海,"开放式养殖"
519,2014-05-01,初始登记,渔业用海,开放式养殖用海,"开放式养殖"
520,2014-06-01,初始登记,渔业用海,开放式养殖用海,"开放式养殖"
521,2015-06-01,初始登记,渔业用海,围海养殖用海,"围海养殖"
522,2013-06-01,初始登记,渔业用海,围海养殖用海,"围海养殖"
523,2013-05-01,初始登记,旅游娱乐用海,旅游基础设施用海,"透水构筑物"
524,2014-02-01,初始登记,渔业用海,开放式养殖用海,"开放式养殖"
525,2016-05-01,初始登记,渔业用海,开放式养殖用海,"开放式养殖"
526,2016-04-01,初始登记,渔业用海,开放式养殖用海,"开放式养殖"
527,2015-05-01,初始登记,渔业用海,围海养殖用海,"围海养殖"
528,2016-06-01,初始登记,渔业用海,渔业基础设施用海,"开放式养殖"
529,2010-05-01,初始登记,渔业用海,开放式养殖用海,"开放式养殖"
530,2012-06-01,初始登记,渔业用海,围海养殖用海,"围海养殖"
531,2014-04-01,初始登记,渔业用海,开放式养殖用海,"开放式养殖"
532,2012-06-01,初始登记,渔业用海,围海养殖用海,"围海养殖"
533,2013-02-01,初始登记,渔业用海,开放式养殖用海,"开放式养殖"
534,2016-06-01,初始登记,渔业用海,开放式养殖用海,"开放式养殖"
535,2013-06-01,初始登记,渔业用海,开放式养殖用海,"开放式养殖"
536,2015-05-01,初始登记,渔业用海,围海养殖用海,"围海养殖"
537,2013-04-01,初始登记,渔业用海,渔业基础设施用海,"开放式养殖"
538,2013-05-01,初始登记,渔业用海,围海养殖用海,"围海养殖"
539,2013-06-01,初始登记,渔业用海,开放式养殖用海,"开放式养殖"
540,2016-03-01,初始登记,渔业用海,开放式养殖用海,"开放式养殖"
541,2013-02-01,初始登记,渔业用海,开放式养殖用海,"开放式养殖"
542,2012-06-01,初始登记,渔业用海,开放式养殖用海,"开放式养殖"
543,2013-02-01,变更登记,渔业用海,开放式养殖用海,"开放式养殖"
544,2015-05-01,初始登记,渔业用海,开放式养殖用海,"开放式养殖"
545,2015-04-01,变更登记,渔业用海,开放式养殖用海,"开放式养殖"
546,2016-06-01,变更登记,渔业用海,开放式养殖用海,"开放式养殖"
547,2013-03-01,初始登记,渔业用海,开放式养殖用海,"开放式养殖"
548,2015-05-01,变更登记,渔业用海,开放式养殖用海,"开放式养殖"
549,2012-06-01,变更登记,渔业用海,开放式养殖用海,"开放式养殖"
550,2015-04-01,初始登记,渔业用海,围海养殖用海,"围海养殖"
551,2014-05-01,初始登记,渔业用海,围海养殖用海,"围海养殖"
552,2016-06-01,变更登记,工业用海,电力工业用海,"非透水构筑物"
553,2011-04-01,初始登记,工业用海,电力工业用海,"透水构筑物"
554,2016-06-01,初始登记,渔业用海,围海养殖用海,"围海养殖"
555,2015-04-01,初始登记,渔业用海,围海养殖用海,"围海养殖"
556,2016-06-01,变更登记,工业用海,电力工业用海,"非透水构筑物"
557,2011-04-01,变更登记,工业用海,电力工业用海,"非透水构筑物"
558,2016-04-01,变更登记,工业用海,电力工业用海,"非透水构筑物"
559,2014-05-01,初始登记,造地工程用海,城镇建设填海造地用海,"11、建设填海造地"
560,2013-05-01,初始登记,工业用海,电力工业用海,"透水构筑物"
561,2014-06-01,初始登记,渔业用海,围海养殖用海,"围海养殖"
562,2013-06-01,初始登记,工业用海,电力工业用海,"透水构筑物"
563,2013-04-01,初始登记,工业用海,电力工业用海,"透水构筑物"
564,2016-05-01,变更登记,工业用海,电力工业用海,"非透水构筑物"
565,2014-04-01,变更登记,工业用海,电力工业用海,"非透水构筑物"
566,2013-06-01,初始登记,造地工程用海,城镇建设填海造地用海,"建设填海造地"
567,2014-06-01,初始登记,工业用海,电力工业用海,"11、建设填海造地"
568,2015-03-01,初始登记,工业用海,电力工业用海,"透水构筑物"
569,2012-06-01,初始登记,渔业用海,开放式养殖用海,"41、开放式养殖"
570,2016-06-01,初始登记,渔业用海,开放式养殖用海,"开放式养殖"
571,2015-06-01,初始登记,造地工程用海,城镇建设填海造地用海,"11、建设填海造地"
572,2010-05-01,初始登记,渔业用海,开放式养殖用海,"开放式养殖"
573,2013-03-01,变更登记,交通运输用海,路桥用海,"跨海桥梁、海底隧道等"
574,2012-06-01,变更登记,工业用海,电力工业用海,"非透水构筑物"
575,2011-04-01,变更登记,工业用海,电力工业用海,"非透水构筑物"
576,2015-02-01,初始登记,渔业用海,开放式养殖用海,"开放式养殖"
577,2011-06-01,变更登记,工业用海,电力工业用海,"非透水构筑物"
578,2012-06-01,变更登记,工业用海,电力工业用海,"非透水构筑物"
579,2010-06-01,变更登记,工业用海,电力工业用海,"非透水构筑物"
580,2016-06-01,变更登记,工业用海,电力工业用海,"非透水构筑物"
581,2012-04-01,变更登记,工业用海,电力工业用海,"非透水构筑物"
582,2016-03-01,变更登记,工业用海,电力工业用海,"非透水构筑物"
583,2015-03-01,变更登记,工业用海,电力工业用海,"非透水构筑物"
584,2011-03-01,变更登记,工业用海,电力工业用海,"非透水构筑物"
585,2013-04-01,变更登记,工业用海,电力工业用海,"非透水构筑物"
586,2015-06-01,变更登记,工业用海,电力工业用海,"非透水构筑物"
587,2016-04-01,变更登记,工业用海,电力工业用海,"非透水构筑物"
588,2015-04-01,初始登记,造地工程用海,城镇建设填海造地用海,"11、建设填海造地"
589,2016-05-01,初始登记,其它用海," ","非透水构筑物"
590,2012-02-01,初始登记,工业用海,电力工业用海,"透水构筑物"
591,2011-05-01,变更登记,工业用海,电力工业用海,"非透水构筑物"
592,2013-06-01,变更登记,工业用海,电力工业用海,"非透水构筑物"
593,2016-03-01,变更登记,工业用海,电力工业用海,"非透水构筑物"
594,2016-06-01,变更登记,工业用海,电力工业用海,"非透水构筑物"
595,2014-06-01,初始登记,工业用海,电力工业用海,"透水构筑物"
596,2010-05-01,初始登记,渔业用海,围海养殖用海,"围海养殖"
597,2013-05-01,变更登记,交通运输用海,路桥用海,"跨海桥梁、海底隧道等"
598,2014-06-01,变更登记,工业用海,电力工业用海,"非透水构筑物"
599,2015-04-01,变更登记,工业用海,电力工业用海,"非透水构筑物"
600,2013-03-01,初始登记,工业用海,电力工业用海,"透水构筑物"
601,2012-02-01,初始登记,造地工程用海,城镇建设填海造地用海,"建设填海造地"
602,2012-05-01,变更登记,工业用海,电力工业用海,"非透水构筑物"
603,2012-04-01,初始登记,工业用海,电力工业用海,"透水构筑物"
604,2013-05-01,初始登记,造地工程用海,城镇建设填海造地用海,"11、建设填海造地"
605,2012-04-01,初始登记,工业用海,电力工业用海,"透水构筑物"
606,2015-04-01,初始登记,渔业用海,围海养殖用海,"围海养殖"
607,2014-06-01,初始登记,渔业用海,开放式养殖用海,"开放式养殖"
608,2016-03-01,变更登记,工业用海,电力工业用海,"非透水构筑物"
609,2015-05-01,初始登记,工业用海,电力工业用海,"透水构筑物"
610,2013-06-01,初始登记,工业用海,电力工业用海,"透水构筑物"
611,2015-05-01,变更登记,工业用海,电力工业用海,"非透水构筑物"
612,2015-06-01,初始登记,工业用海,电力工业用海,"非透水构筑物"
613,2016-04-01,初始登记,渔业用海,开放式养殖用海,"开放式养殖"
614,2013-05-01,初始登记,渔业用海,开放式养殖用海,"开放式养殖"
615,2015-05-01,初始登记,造地工程用海,城镇建设填海造地用海,"11、建设填海造地"
616,2014-06-01,初始登记,工业用海,电力工业用海,"透水构筑物"
617,2015-06-01,初始登记,工业用海,电力工业用海,"透水构筑物"
618,2015-03-01,初始登记,工业用海,电力工业用海,"透水构筑物"
619,2011-05-01,初始登记,渔业用海,围海养殖用海,"围海养殖"
620,2015-06-01,初始登记,渔业用海,开放式养殖用海,"开放式养殖"
621,2010-05-01,变更登记,工业用海,电力工业用海,"非透水构筑物"
622,2011-06-01,变更登记,工业用海,电力工业用海,"非透水构筑物"
623,2015-05-01,初始登记,造地工程用海,城镇建设填海造地用海,"11、建设填海造地"
624,2015-05-01,初始登记,工业用海,电力工业用海,"11、建设填海造地"
625,2012-06-01,初始登记,渔业用海,围海养殖用海,"围海养殖"
626,2016-05-01,初始登记,工业用海,电力工业用海,"透水构筑物"
627,2016-05-01,初始登记,工业用海,电力工业用海,"透水构筑物"
628,2012-04-01,初始登记,渔业用海,开放式养殖用海,"开放式养殖"
629,2013-06-01,变更登记,工业用海,电力工业用海,"非透水构筑物"
630,2011-05-01,初始登记,渔业用海,开放式养殖用海,"开放式养殖"
631,2016-05-01,初始登记,渔业用海,开放式养殖用海,"开放式养殖"
632,2013-02-01,初始登记,渔业用海,开放式养殖用海,"开放式养殖"
633,2016-06-01,初始登记,工业用海,电力工业用海,"透水构筑物"
634,2013-05-01,初始登记,工业用海,电力工业用海,"透水构筑物"
635,2016-04-01,初始登记,渔业用海,开放式养殖用海,"开放式养殖"
636,2011-06-01,初始登记,渔业用海,围海养殖用海,"围海养殖"
637,2012-05-01,初始登记,渔业用海,围海养殖用海,"围海养殖"
638,2012-04-01,变更登记,渔业用海,开放式养殖用海,"开放式养殖"
639,2016-05-01,变更登记,渔业用海,开放式养殖用海,"开放式养殖"
640,2012-06-01,变更登记,渔业用海,开放式养殖用海,"开放式养殖"
641,2014-06-01,变更登记,渔业用海,开放式养殖用海,"开放式养殖"
642,2010-04-01,变更登记,渔业用海,开放式养殖用海,"开放式养殖"
643,2011-06-01,初始登记,渔业用海,围海养殖用海,"围海养殖"
644,2015-03-01,初始登记,渔业用海,围海养殖用海,"围海养殖"
645,2011-06-01,变更登记,渔业用海,开放式养殖用海,"开放式养殖"
646,2013-05-01,变更登记,渔业用海,开放式养殖用海,"开放式养殖"
647,2015-06-01,变更登记,渔业用海,开放式养殖用海,"开放式养殖"
648,2014-04-01,初始登记,特殊用海,科研教学用海,"透水构筑物"
649,2013-06-01,初始登记,渔业用海,围海养殖用海,"围海养殖"
650,2015-05-01,初始登记,渔业用海,围海养殖用海,"围海养殖"
651,2013-05-01,变更登记,渔业用海,开放式养殖用海,"开放式养殖"
652,2015-06-01,初始登记,渔业用海,围海养殖用海,"围海养殖"
653,2011-04-01,初始登记,工业用海,电力工业用海,"透水构筑物"
654,2015-02-01,初始登记,交通运输用海,港口用海,"11、建设填海造地"
655,2011-05-01,初始登记,工业用海,电力工业用海,"透水构筑物"
656,2015-04-01,初始登记,工业用海,电力工业用海,"透水构筑物"
657,2013-05-01,初始登记,造地工程用海,城镇建设填海造地用海,"11、建设填海造地"
658,2014-05-01,初始登记,渔业用海,开放式养殖用海,"41、开放式养殖"
659,2016-06-01,初始登记,渔业用海,开放式养殖用海,"开放式养殖"
660,2015-05-01,初始登记,造地工程用海,城镇建设填海造地用海,"11、建设填海造地"
661,2013-04-01,变更登记,渔业用海,开放式养殖用海,"开放式养殖"
662,2012-06-01,变更登记,渔业用海,开放式养殖用海,"开放式养殖"
663,2012-05-01,变更登记,渔业用海,开放式养殖用海,"开放式养殖"
664,2014-05-01,初始登记,渔业用海,开放式养殖用海,"开放式养殖"
665,2014-02-01,初始登记,其它用海," ","11、建设填海造地"
666,2014-05-01,初始登记,造地工程用海,城镇建设填海造地用海,"11、建设填海造地"
667,2011-03-01,初始登记,造地工程用海,城镇建设填海造地用海,"11、建设填海造地"
668,2015-02-01,初始登记,渔业用海,围海养殖用海,"围海养殖"
669,2015-05-01,初始登记,渔业用海,围海养殖用海,"围海养殖"
670,2015-06-01,初始登记,渔业用海,围海养殖用海,"围海养殖"
671,2011-06-01,初始登记,渔业用海,围海养殖用海,"围海养殖"
672,2014-04-01,初始登记,造地工程用海,城镇建设填海造地用海,"11、建设填海造地"
673,2012-03-01,初始登记,工业用海,电力工业用海,"透水构筑物"
674,2012-05-01,初始登记,工业用海,电力工业用海,"透水构筑物"
675,2015-05-01,初始登记,渔业用海,围海养殖用海,"围海养殖"
676,2016-06-01,初始登记,渔业用海,围海养殖用海,"围海养殖"
677,2012-04-01,初始登记,渔业用海,开放式养殖用海,"开放式养殖"
678,2012-05-01,初始登记,工业用海,电力工业用海,"透水构筑物"
679,2015-05-01,初始登记,工业用海,电力工业用海,"透水构筑物"
680,2012-05-01,初始登记,渔业用海,围海养殖用海,"围海养殖"
681,2015-06-01,初始登记,渔业用海,围海养殖用海,"围海养殖"
682,2013-02-01,初始登记,渔业用海,围海养殖用海,"围海养殖"
683,2015-04-01,初始登记,工业用海,电力工业用海,"建设填海造地"
684,2012-06-01,初始登记,渔业用海,围海养殖用海,"围海养殖"
685,2015-04-01,变更登记,渔业用海,开放式养殖用海,"开放式养殖"
686,2012-05-01,变更登记,渔业用海,开放式养殖用海,"开放式养殖"
687,2013-03-01,初始登记,渔业用海,围海养殖用海,"围海养殖"
688,2015-04-01,变更登记,渔业用海,开放式养殖用海,"开放式养殖"
689,2015-06-01,变更登记,渔业用海,开放式养殖用海,"开放式养殖"
690,2016-03-01,初始登记,特殊用海,科研教学用海,"透水构筑物"
691,2010-06-01,初始登记,渔业用海,围海养殖用海,"围海养殖"
692,2012-04-01,初始登记,渔业用海,围海养殖用海,"围海养殖"
693,2015-06-01,初始登记,渔业用海,围海养殖用海,"围海养殖"
694,2011-05-01,初始登记,渔业用海,围海养殖用海,"围海养殖"
695,2014-04-01,变更登记,工业用海,其它工业用海,"建设填海造地"
696,2015-05-01,变更登记,渔业用海,开放式养殖用海,"开放式养殖"
697,2016-06-01,初始登记,渔业用海,围海养殖用海,"围海养殖"
698,2014-06-01,变更登记,渔业用海,开放式养殖用海,"开放式养殖"
699,2011-05-01,变更登记,渔业用海,开放式养殖用海,"开放式养殖"
700,2013-03-01,初始登记,渔业用海,围海养殖用海,"围海养殖"
701,2015-02-01,初始登记,渔业用海,围海养殖用海,"围海养殖"
702,2016-05-01,初始登记,渔业用海,围海养殖用海,"围海养殖"
703,2016-04-01,初始登记,渔业用海,围海养殖用海,"围海养殖"
704,2013-03-01,初始登记,渔业用海,围海养殖用海,"围海养殖"
705,2013-06-01,初始登记,渔业用海,围海养殖用海,"围海养殖"
706,2012-05-01,初始登记,渔业用海,围海养殖用海,"围海养殖"
707,2014-04-01,初始登记,渔业用海,围海养殖用海,"围海养殖"
708,2015-03-01,初始登记,渔业用海,围海养殖用海,"围海养殖"
709,2011-04-01,初始登记,渔业用海,围海养殖用海,"围海养殖"
710,2016-06-01,初始登记,渔业用海,围海养殖用海,"围海养殖"
711,2016-05-01,初始登记,造地工程用海,城镇建设填海造地用海,"建设填海造地"
712,2015-04-01,初始登记,造地工程用海,城镇建设填海造地用海,"建设填海造地"
713,2014-05-01,初始登记,造地工程用海,城镇建设填海造地用海,"建设填海造地"
714,2010-06-01,初始登记,渔业用海,开放式养殖用海,"开放式养殖"
715,2013-04-01,初始登记,造地工程用海,城镇建设填海造地用海,"建设填海造地"
716,2016-04-01,初始登记,造地工程用海,城镇建设填海造地用海,"建设填海造地"
717,2012-04-01,初始登记,造地工程用海,城镇建设填海造地用海,"建设填海造地"
718,2015-06-01,初始登记,造地工程用海,城镇建设填海造地用海,"建设填海造地"
719,2015-05-01,初始登记,造地工程用海,城镇建设填海造地用海,"建设填海造地"
720,2013-06-01,初始登记,造地工程用海,城镇建设填海造地用海,"建设填海造地"
721,2012-05-01,初始登记,渔业用海,围海养殖用海,"围海养殖"
722,2013-04-01,初始登记,造地工程用海,城镇建设填海造地用海,"建设填海造地"
723,2015-05-01,初始登记,造地工程用海,城镇建设填海造地用海,"建设填海造地"
724,2012-04-01,初始登记,造地工程用海,城镇建设填海造地用海,"建设填海造地"
725,2015-05-01,初始登记,造地工程用海,城镇建设填海造地用海,"建设填海造地"
726,2012-04-01,初始登记,造地工程用海,城镇建设填海造地用海,"建设填海造地"
727,2015-04-01,初始登记,工业用海,电力工业用海,"透水构筑物"
728,2013-03-01,初始登记,工业用海,电力工业用海,"建设填海造地"
729,2015-05-01,初始登记,造地工程用海,城镇建设填海造地用海,"建设填海造地"
730,2015-06-01,初始登记,工业用海,电力工业用海,"透水构筑物"
731,2016-06-01,初始登记,工业用海,电力工业用海,"透水构筑物"
732,2015-06-01,初始登记,工业用海,电力工业用海,"透水构筑物"
733,2016-06-01,初始登记,工业用海,电力工业用海,"透水构筑物"
734,2014-05-01,初始登记,工业用海,电力工业用海,"透水构筑物"
735,2013-05-01,初始登记,渔业用海,围海养殖用海,"围海养殖"
736,2015-05-01,变更登记,造地工程用海,城镇建设填海造地用海,"建设填海造地"
737,2013-04-01,初始登记,渔业用海,开放式养殖用海,"开放式养殖"
738,2015-03-01,初始登记,工业用海,电力工业用海,"建设填海造地"
739,2012-06-01,初始登记,工业用海,电力工业用海,"建设填海造地"
740,2014-04-01,初始登记,工业用海,电力工业用海,"建设填海造地"
741,2015-05-01,初始登记,工业用海,电力工业用海,"建设填海造地"
742,2016-04-01,初始登记,工业用海,电力工业用海,"透水构筑物"
743,2012-05-01,初始登记,工业用海,电力工业用海,"建设填海造地"
744,2014-04-01,初始登记,工业用海,电力工业用海,"透水构筑物"
745,2015-05-01,初始登记,工业用海,电力工业用海,"建设填海造地"
746,2014-06-01,初始登记,工业用海,电力工业用海,"建设填海造地"
747,2015-04-01,初始登记,工业用海,电力工业用海,"透水构筑物"
748,2012-05-01,初始登记,造地工程用海,城镇建设填海造地用海,"建设填海造地"
749,2015-04-01,变更登记,造地工程用海,城镇建设填海造地用海,"建设填海造地"
750,2016-05-01,初始登记,工业用海,电力工业用海,"建设填海造地"
751,2012-03-01,变更登记,渔业用海,开放式养殖用海,"开放式养殖"
752,2015-02-01,变更登记,渔业用海,开放式养殖用海,"开放式养殖"
753,2012-02-01,变更登记,渔业用海,开放式养殖用海,"开放式养殖"
754,2012-05-01,初始登记,造地工程用海,城镇建设填海造地用海,"建设填海造地"
755,2015-02-01,初始登记,工业用海,电力工业用海,"建设填海造地"
756,2016-06-01,初始登记,工业用海,电力工业用海,"建设填海造地"
757,2016-03-01,变更登记,渔业用海,围海养殖用海,"围海养殖"
758,2010-06-01,初始登记,工业用海,电力工业用海,"建设填海造地"
759,2015-02-01,初始登记,工业用海,电力工业用海,"透水构筑物"
760,2012-06-01,初始登记,工业用海,电力工业用海,"透水构筑物"
761,2014-03-01,初始登记,工业用海,电力工业用海,"建设填海造地"
762,2015-04-01,变更登记,渔业用海,围海养殖用海,"围海养殖"
763,2015-04-01,初始登记,工业用海,电力工业用海,"建设填海造地"
764,2014-05-01,初始登记,工业用海,电力工业用海,"建设填海造地"
765,2012-05-01,初始登记,工业用海,电力工业用海,"透水构筑物"
766,2015-03-01,初始登记,工业用海,电力工业用海,"透水构筑物"
767,2013-06-01,初始登记,造地工程用海,城镇建设填海造地用海,"建设填海造地"
768,2013-05-01,初始登记,工业用海,电力工业用海,"建设填海造地"
769,2016-05-01,初始登记,工业用海,电力工业用海,"建设填海造地"
770,2015-06-01,初始登记,工业用海,电力工业用海,"建设填海造地"
771,2015-05-01,初始登记,工业用海,电力工业用海,"建设填海造地"
772,2015-03-01,初始登记,渔业用海,开放式养殖用海,"开放式养殖"
773,2013-03-01,初始登记,工业用海,电力工业用海,"建设填海造地"
774,2014-05-01,初始登记,工业用海,电力工业用海,"建设填海造地"
775,2014-02-01,初始登记,造地工程用海,城镇建设填海造地用海,"建设填海造地"
776,2015-04-01,初始登记,渔业用海,围海养殖用海,"围海养殖"
777,2012-04-01,初始登记,渔业用海,开放式养殖用海,"开放式养殖"
778,2016-05-01,初始登记,渔业用海,开放式养殖用海,"开放式养殖"
779,2013-05-01,初始登记,渔业用海,开放式养殖用海,"开放式养殖"
780,2014-05-01,初始登记,其它用海," ","非透水构筑物"
781,2014-02-01,初始登记,其它用海," ","专用航道、锚地及其它开放式"
782,2010-06-01,初始登记,其它用海," ","透水构筑物"
783,2013-06-01,初始登记,其它用海," ","非透水构筑物"
784,2015-03-01,初始登记,渔业用海,围海养殖用海,"围海养殖"
785,2015-05-01,初始登记,交通运输用海,港口用海,"透水构筑物"
786,2013-03-01,初始登记,交通运输用海,港口用海,"港池、蓄水等"
787,2013-04-01,变更登记,交通运输用海,港口用海,"建设填海造地"
788,2010-05-01,变更登记,渔业用海,开放式养殖用海,"开放式养殖"
789,2012-04-01,变更登记,渔业用海,开放式养殖用海,"开放式养殖"
790,2016-02-01,初始登记,渔业用海,围海养殖用海,"围海养殖"
791,2015-05-01,初始登记,渔业用海,围海养殖用海,"围海养殖"
792,2013-03-01,初始登记,渔业用海,围海养殖用海,"围海养殖"
793,2011-06-01,初始登记,渔业用海,围海养殖用海,"围海养殖"
794,2013-06-01,初始登记,渔业用海,围海养殖用海,"围海养殖"
795,2012-06-01,初始登记,渔业用海,围海养殖用海,"围海养殖"
796,2012-03-01,初始登记,渔业用海,围海养殖用海,"围海养殖"
797,2011-06-01,初始登记,渔业用海,开放式养殖用海,"开放式养殖"
798,2015-04-01,初始登记,交通运输用海,港口用海,"港池、蓄水等"
799,2014-06-01,初始登记,交通运输用海,港口用海,"透水构筑物"
800,2014-02-01,初始登记,交通运输用海,港口用海,"透水构筑物"
801,2011-05-01,初始登记,交通运输用海,港口用海,"透水构筑物"
802,2016-03-01,变更登记,交通运输用海,港口用海,"建设填海造地"
803,2013-05-01,变更登记,渔业用海,开放式养殖用海,"开放式养殖"
804,2011-05-01,变更登记,渔业用海,开放式养殖用海,"开放式养殖"
805,2013-05-01,变更登记,渔业用海,开放式养殖用海,"开放式养殖"
806,2015-05-01,变更登记,渔业用海,开放式养殖用海,"开放式养殖"
807,2016-03-01,变更登记,渔业用海,开放式养殖用海,"开放式养殖"
808,2014-06-01,变更登记,渔业用海,开放式养殖用海,"开放式养殖"
809,2014-04-01,初始登记,渔业用海,开放式养殖用海,"开放式养殖"
810,2016-05-01,初始登记,渔业用海,开放式养殖用海,"开放式养殖"
811,2015-06-01,初始登记,渔业用海,开放式养殖用海,"开放式养殖"
812,2013-04-01,初始登记,渔业用海,开放式养殖用海,"开放式养殖"
813,2014-04-01,初始登记,渔业用海,开放式养殖用海,"开放式养殖"
814,2012-04-01,初始登记,渔业用海,开放式养殖用海,"开放式养殖"
815,2015-05-01,初始登记,渔业用海,开放式养殖用海,"开放式养殖"
816,2016-03-01,变更登记,渔业用海,开放式养殖用海,"开放式养殖"
817,2013-04-01,变更登记,渔业用海,开放式养殖用海,"开放式养殖"
818,2015-04-01,初始登记,渔业用海,开放式养殖用海,"开放式养殖"
819,2012-06-01,变更登记,交通运输用海,港口用海,"建设填海造地"
820,2012-03-01,变更登记,渔业用海,开放式养殖用海,"开放式养殖"
821,2013-06-01,初始登记,渔业用海,开放式养殖用海,"开放式养殖"
822,2015-05-01,变更登记,渔业用海,开放式养殖用海,"开放式养殖"
823,2013-06-01,初始登记,造地工程用海,城镇建设填海造地用海,"建设填海造地"
824,2015-05-01,初始登记,工业用海,电力工业用海,"非透水构筑物"
825,2010-04-01,初始登记,交通运输用海,港口用海,"透水构筑物"
826,2013-06-01,初始登记,工业用海,电力工业用海,"非透水构筑物"
827,2015-04-01,初始登记,交通运输用海,港口用海,"透水构筑物"
828,2016-05-01,初始登记,工业用海,电力工业用海,"非透水构筑物"
829,2012-06-01,初始登记,交通运输用海,港口用海,"透水构筑物"
830,2016-06-01,初始登记,造地工程用海,城镇建设填海造地用海,"建设填海造地"
831,2015-05-01,初始登记,工业用海,电力工业用海,"非透水构筑物"
832,2013-05-01,初始登记,造地工程用海,城镇建设填海造地用海,"建设填海造地"
833,2014-02-01,初始登记,交通运输用海,港口用海,"建设填海造地"
834,2015-05-01,初始登记,渔业用海,开放式养殖用海,"开放式养殖"
835,2012-03-01,初始登记,造地工程用海,城镇建设填海造地用海,"建设填海造地"
836,2016-04-01,初始登记,工业用海,电力工业用海,"非透水构筑物"
837,2016-06-01,初始登记,渔业用海,围海养殖用海,"围海养殖"
838,2012-04-01,初始登记,造地工程用海,城镇建设填海造地用海,"建设填海造地"
839,2016-03-01,初始登记,工业用海,电力工业用海,"非透水构筑物"
840,2015-06-01,初始登记,工业用海,电力工业用海,"非透水构筑物"
841,2012-06-01,初始登记,工业用海,电力工业用海,"非透水构筑物"
842,2012-04-01,初始登记,造地工程用海,城镇建设填海造地用海,"建设填海造地"
843,2013-06-01,初始登记,渔业用海,围海养殖用海,"围海养殖"
844,2011-03-01,初始登记,造地工程用海,城镇建设填海造地用海,"建设填海造地"
845,2012-03-01,初始登记,工业用海,电力工业用海,"非透水构筑物"
846,2016-06-01,初始登记,造地工程用海,城镇建设填海造地用海,"建设填海造地"
847,2015-05-01,初始登记,工业用海,电力工业用海,"非透水构筑物"
848,2013-05-01,初始登记,工业用海,电力工业用海,"非透水构筑物"
849,2012-06-01,初始登记,工业用海,电力工业用海,"非透水构筑物"
850,2012-05-01,初始登记,渔业用海,围海养殖用海,"围海养殖"
851,2015-02-01,初始登记,渔业用海,围海养殖用海,"围海养殖"
852,2016-06-01,初始登记,交通运输用海,港口用海,"港池、蓄水等"
853,2016-04-01,初始登记,渔业用海,围海养殖用海,"围海养殖"
854,2012-05-01,初始登记,造地工程用海,城镇建设填海造地用海,"建设填海造地"
855,2016-06-01,初始登记,工业用海,电力工业用海,"非透水构筑物"
856,2011-06-01,初始登记,工业用海,电力工业用海,"非透水构筑物"
857,2016-06-01,初始登记,渔业用海,开放式养殖用海,"开放式养殖"
858,2015-06-01,初始登记,渔业用海,围海养殖用海,"围海养殖"
859,2014-04-01,初始登记,渔业用海,围海养殖用海,"围海养殖"
860,2015-06-01,初始登记,工业用海,电力工业用海,"非透水构筑物"
861,2015-03-01,初始登记,交通运输用海,港口用海,"透水构筑物"
862,2012-06-01,初始登记,渔业用海,开放式养殖用海,"开放式养殖"
863,2014-06-01,初始登记,渔业用海,围海养殖用海,"围海养殖"
864,2014-05-01,初始登记,造地工程用海,城镇建设填海造地用海,"建设填海造地"
865,2012-05-01,初始登记,交通运输用海,港口用海,"港池、蓄水等"
866,2016-05-01,初始登记,交通运输用海,港口用海,"港池、蓄水等"
867,2014-04-01,初始登记,工业用海,电力工业用海,"非透水构筑物"
868,2016-06-01,初始登记,工业用海,电力工业用海,"非透水构筑物"
869,2010-02-01,初始登记,工业用海,电力工业用海,"非透水构筑物"
870,2010-06-01,变更登记,渔业用海,开放式养殖用海,"开放式养殖"
871,2016-05-01,变更登记,渔业用海,开放式养殖用海,"开放式养殖"
872,2013-04-01,变更登记,渔业用海,开放式养殖用海,"开放式养殖"
873,2010-05-01,初始登记,工业用海,电力工业用海,"非透水构筑物"
874,2015-05-01,初始登记,工业用海,电力工业用海,"非透水构筑物"
875,2015-06-01,初始登记,交通运输用海,路桥用海,"建设填海造地"
876,2012-06-01,初始登记,交通运输用海,港口用海,"港池、蓄水等"
877,2016-02-01,初始登记,工业用海,电力工业用海,"非透水构筑物"
878,2013-04-01,变更登记,渔业用海,开放式养殖用海,"开放式养殖"
879,2014-04-01,变更登记,渔业用海,开放式养殖用海,"开放式养殖"
880,2015-06-01,变更登记,渔业用海,开放式养殖用海,"开放式养殖"
881,2015-06-01,初始登记,渔业用海,围海养殖用海,"围海养殖"
882,2015-04-01,初始登记,造地工程用海,城镇建设填海造地用海,"建设填海造地"
883,2016-04-01,初始登记,渔业用海,围海养殖用海,"围海养殖"
884,2014-06-01,初始登记,其它用海," ","非透水构筑物"
885,2010-06-01,初始登记,其它用海," ","非透水构筑物"
886,2013-06-01,初始登记,交通运输用海,路桥用海,"跨海桥梁、海底隧道等"
887,2016-06-01,初始登记,造地工程用海,城镇建设填海造地用海,"建设填海造地"
888,2015-06-01,变更登记,渔业用海,开放式养殖用海,"开放式养殖"
889,2013-06-01,初始登记,渔业用海,渔业基础设施用海,"建设填海造地"
890,2015-04-01,初始登记,其它用海," ","非透水构筑物"
891,2011-06-01,初始登记,其它用海," ","非透水构筑物"
892,2014-04-01,初始登记,其它用海," ","非透水构筑物"
893,2016-02-01,变更登记,渔业用海,开放式养殖用海,"开放式养殖"
894,2016-05-01,初始登记,其它用海," ","非透水构筑物"
895,2013-06-01,变更登记,渔业用海,开放式养殖用海,"开放式养殖"
896,2014-04-01,初始登记,其它用海," ","非透水构筑物"
897,2012-04-01,初始登记,其它用海," ","透水构筑物"
898,2014-02-01,初始登记,其它用海," ","透水构筑物"
899,2014-04-01,变更登记,渔业用海,围海养殖用海,"围海养殖"
900,2011-02-01,变更登记,渔业用海,开放式养殖用海,"开放式养殖"
901,2015-04-01,初始登记,其它用海," ","非透水构筑物"
902,2014-05-01,变更登记,渔业用海,围海养殖用海,"围海养殖"
903,2011-04-01,变更登记,渔业用海,开放式养殖用海,"开放式养殖"
904,2011-04-01,初始登记,其它用海," ","专用航道、锚地及其它开放式"
905,2012-04-01,初始登记,渔业用海,围海养殖用海,"围海养殖"
906,2016-06-01,初始登记,渔业用海,围海养殖用海,"围海养殖"
907,2015-06-01,变更登记,渔业用海,开放式养殖用海,"开放式养殖"
908,2016-05-01,变更登记,渔业用海,开放式养殖用海,"开放式养殖"
909,2015-05-01,变更登记,渔业用海,围海养殖用海,"围海养殖"
910,2012-05-01,初始登记,工业用海,其它工业用海,"专用航道、锚地及其它开放式"
911,2012-04-01,初始登记,渔业用海,围海养殖用海,"围海养殖"
912,2016-04-01,初始登记,其它用海," ","透水构筑物"
913,2016-06-01,初始登记,其它用海," ","港池、蓄水等"
914,2015-04-01,变更登记,渔业用海,开放式养殖用海,"开放式养殖"
915,2011-04-01,初始登记,工业用海,其它工业用海,"透水构筑物"
916,2016-03-01,变更登记,渔业用海,开放式养殖用海,"开放式养殖"
917,2016-06-01,初始登记,交通运输用海,港口用海,"港池、蓄水等"
918,2010-05-01,初始登记,其它用海," ","非透水构筑物"
919,2016-03-01,初始登记,其它用海," ","非透水构筑物"
920,2014-05-01,初始登记,其它用海," ","非透水构筑物"
921,2016-06-01,变更登记,渔业用海,开放式养殖用海,"开放式养殖"
922,2013-03-01,变更登记,渔业用海,开放式养殖用海,"开放式养殖"
923,2016-04-01,变更登记,渔业用海,开放式养殖用海,"开放式养殖"
924,2013-04-01,初始登记,其它用海," ","非透水构筑物"
925,2016-06-01,初始登记,渔业用海,渔业基础设施用海,"透水构筑物"
926,2014-05-01,初始登记,渔业用海,围海养殖用海,"围海养殖"
927,2015-06-01,初始登记,渔业用海,围海养殖用海,"围海养殖"
928,2016-06-01,初始登记,其它用海," ","非透水构筑物"
929,2011-05-01,初始登记,其它用海," ","非透水构筑物"
930,2016-05-01,初始登记,交通运输用海,港口用海,"透水构筑物"
931,2010-06-01,变更登记,渔业用海,开放式养殖用海,"开放式养殖"
932,2010-04-01,初始登记,其它用海," ","港池、蓄水等"
933,2015-04-01,初始登记,其它用海," ","非透水构筑物"
934,2013-05-01,初始登记,交通运输用海,港口用海,"港池、蓄水等"
935,2015-05-01,初始登记,交通运输用海,港口用海,"透水构筑物"
936,2016-05-01,初始登记,其它用海," ","非透水构筑物"
937,2012-05-01,变更登记,渔业用海,开放式养殖用海,"开放式养殖"
938,2011-05-01,变更登记,渔业用海,开放式养殖用海,"开放式养殖"
939,2013-03-01,初始登记,其它用海," ","非透水构筑物"
940,2012-05-01,初始登记,其它用海," ","非透水构筑物"
941,2016-06-01,初始登记,交通运输用海,港口用海,"港池、蓄水等"
942,2015-04-01,初始登记,造地工程用海,城镇建设填海造地用海,"建设填海造地"
943,2015-05-01,初始登记,其它用海," ","非透水构筑物"
944,2013-06-01,初始登记,渔业用海,围海养殖用海,"围海养殖"
945,2015-06-01,初始登记,其它用海," ","非透水构筑物"
946,2015-03-01,初始登记,其它用海," ","非透水构筑物"
947,2016-05-01,初始登记,其它用海," ","专用航道、锚地及其它开放式"
948,2016-05-01,初始登记,造地工程用海,城镇建设填海造地用海,"建设填海造地"
949,2012-04-01,变更登记,渔业用海,开放式养殖用海,"开放式养殖"
950,2016-05-01,变更登记,渔业用海,开放式养殖用海,"开放式养殖"
951,2013-06-01,初始登记,渔业用海,开放式养殖用海,"开放式养殖"
952,2016-06-01,变更登记,渔业用海,开放式养殖用海,"开放式养殖"
953,2015-06-01,变更登记,渔业用海,开放式养殖用海,"开放式养殖"
954,2011-05-01,变更登记,渔业用海,开放式养殖用海,"开放式养殖"
955,2014-05-01,变更登记,渔业用海,开放式养殖用海,"开放式养殖"
956,2014-04-01,变更登记,渔业用海,开放式养殖用海,"开放式养殖"
957,2010-05-01,变更登记,渔业用海,开放式养殖用海,"开放式养殖"
958,2015-02-01,变更登记,渔业用海,开放式养殖用海,"开放式养殖"
959,2014-06-01,变更登记,渔业用海,开放式养殖用海,"开放式养殖"
960,2013-03-01,变更登记,渔业用海,开放式养殖用海,"开放式养殖"
961,2015-06-01,变更登记,渔业用海,开放式养殖用海,"开放式养殖"
962,2012-06-01,变更登记,渔业用海,开放式养殖用海,"开放式养殖"
963,2013-03-01,变更登记,渔业用海,开放式养殖用海,"开放式养殖"
964,2015-03-01,变更登记,渔业用海,开放式养殖用海,"开放式养殖"
965,2012-05-01,初始登记,渔业用海,开放式养殖用海,"开放式养殖"
966,2015-05-01,初始登记,工业用海,电力工业用海,"建设填海造地"
967,2011-04-01,变更登记,渔业用海,开放式养殖用海,"开放式养殖"
968,2012-06-01,变更登记,渔业用海,开放式养殖用海,"开放式养殖"
969,2012-05-01,变更登记,渔业用海,开放式养殖用海,"开放式养殖"
970,2014-05-01,变更登记,渔业用海,开放式养殖用海,"开放式养殖"
971,2012-05-01,变更登记,渔业用海,开放式养殖用海,"开放式养殖"
972,2011-03-01,变更登记,渔业用海,开放式养殖用海,"开放式养殖"
973,2015-04-01,变更登记,渔业用海,开放式养殖用海,"开放式养殖"
974,2014-06-01,变更登记,渔业用海,开放式养殖用海,"开放式养殖"
975,2012-03-01,变更登记,渔业用海,开放式养殖用海,"开放式养殖"
976,2011-04-01,变更登记,渔业用海,开放式养殖用海,"开放式养殖"
977,2015-05-01,变更登记,渔业用海,开放式养殖用海,"开放式养殖"
978,2010-04-01,变更登记,渔业用海,开放式养殖用海,"开放式养殖"
979,2012-04-01,变更登记,渔业用海,开放式养殖用海,"开放式养殖"
980,2015-06-01,变更登记,渔业用海,开放式养殖用海,"开放式养殖"
981,2015-05-01,变更登记,渔业用海,开放式养殖用海,"开放式养殖"
982,2015-03-01,变更登记,渔业用海,开放式养殖用海,"开放式养殖"
983,2011-05-01,变更登记,渔业用海,开放式养殖用海,"开放式养殖"
984,2012-06-01,变更登记,渔业用海,开放式养殖用海,"开放式养殖"
985,2010-04-01,变更登记,渔业用海,开放式养殖用海,"开放式养殖"
986,2012-06-01,变更登记,渔业用海,开放式养殖用海,"开放式养殖"
987,2014-06-01,变更登记,渔业用海,开放式养殖用海,"开放式养殖"
988,2016-05-01,变更登记,渔业用海,开放式养殖用海,"开放式养殖"
989,2010-06-01,变更登记,渔业用海,开放式养殖用海,"开放式养殖"
990,2016-05-01,变更登记,渔业用海,开放式养殖用海,"开放式养殖"
991,2015-04-01,变更登记,渔业用海,开放式养殖用海,"开放式养殖"
992,2014-04-01,变更登记,渔业用海,开放式养殖用海,"开放式养殖"
993,2012-06-01,变更登记,渔业用海,开放式养殖用海,"开放式养殖"
994,2013-05-01,变更登记,渔业用海,开放式养殖用海,"开放式养殖"
995,2011-05-01,变更登记,渔业用海,开放式养殖用海,"开放式养殖"
996,2015-04-01,变更登记,渔业用海,开放式养殖用海,"开放式养殖"
997,2014-02-01,变更登记,渔业用海,开放式养殖用海,"开放式养殖"
998,2016-02-01,变更登记,渔业用海,开放式养殖用海,"开放式养殖"
999,2011-05-01,变更登记,渔业用海,开放式养殖用海,"开放式养殖"
1000,2016-03-01,变更登记,渔业用海,开放式养殖用海,"开放式养殖"
1001,2013-03-01,变更登记,渔业用海,开放式养殖用海,"开放式养殖"
1002,2013-02-01,变更登记,渔业用海,开放式养殖用海,"开放式养殖"
1003,2010-06-01,变更登记,渔业用海,开放式养殖用海,"开放式养殖"
1004,2010-04-01,变更登记,渔业用海,开放式养殖用海,"开放式养殖"
1005,2011-05-01,变更登记,渔业用海,开放式养殖用海,"开放式养殖"
1006,2014-06-01,变更登记,渔业用海,开放式养殖用海,"开放式养殖"
1007,2012-04-01,变更登记,渔业用海,开放式养殖用海,"开放式养殖"
1008,2016-05-01,变更登记,渔业用海,开放式养殖用海,"开放式养殖"
1009,2015-06-01,变更登记,渔业用海,开放式养殖用海,"开放式养殖"
1010,2015-06-01,变更登记,渔业用海,开放式养殖用海,"开放式养殖"
1011,2016-06-01,变更登记,渔业用海,开放式养殖用海,"开放式养殖"
1012,2013-04-01,变更登记,渔业用海,开放式养殖用海,"开放式养殖"
1013,2016-06-01,变更登记,渔业用海,开放式养殖用海,"开放式养殖"
1014,2014-06-01,变更登记,渔业用海,开放式养殖用海,"开放式养殖"
1015,2012-04-01,变更登记,渔业用海,开放式养殖用海,"开放式养殖"
1016,2014-06-01,变更登记,渔业用海,开放式养殖用海,"开放式养殖"
1017,2012-04-01,变更登记,渔业用海,开放式养殖用海,"开放式养殖"
1018,2016-03-01,变更登记,渔业用海,开放式养殖用海,"开放式养殖"
1019,2015-04-01,变更登记,渔业用海,开放式养殖用海,"开放式养殖"
1020,2012-04-01,变更登记,渔业用海,开放式养殖用海,"开放式养殖"
1021,2016-05-01,变更登记,渔业用海,开放式养殖用海,"开放式养殖"
1022,2013-03-01,变更登记,渔业用海,开放式养殖用海,"开放式养殖"
1023,2012-05-01,变更登记,渔业用海,开放式养殖用海,"开放式养殖"
1024,2012-05-01,变更登记,渔业用海,开放式养殖用海,"开放式养殖"
1025,2014-05-01,变更登记,渔业用海,开放式养殖用海,"开放式养殖"
1026,2016-05-01,变更登记,渔业用海,开放式养殖用海,"开放式养殖"
1027,2014-05-01,变更登记,渔业用海,开放式养殖用海,"开放式养殖"
1028,2014-06-01,变更登记,渔业用海,开放式养殖用海,"开放式养殖"
1029,2012-05-01,变更登记,渔业用海,开放式养殖用海,"开放式养殖"
1030,2012-02-01,变更登记,渔业用海,开放式养殖用海,"开放式养殖"
1031,2016-06-01,变更登记,渔业用海,开放式养殖用海,"开放式养殖"
1032,2013-03-01,变更登记,渔业用海,开放式养殖用海,"开放式养殖"
1033,2013-04-01,变更登记,渔业用海,开放式养殖用海,"开放式养殖"
1034,2015-06-01,变更登记,渔业用海,开放式养殖用海,"开放式养殖"
1035,2011-03-01,变更登记,渔业用海,开放式养殖用海,"开放式养殖"
1036,2012-06-01,变更登记,渔业用海,开放式养殖用海,"开放式养殖"
1037,2014-02-01,变更登记,渔业用海,开放式养殖用海,"开放式养殖"
1038,2015-05-01,变更登记,渔业用海,开放式养殖用海,"开放式养殖"
1039,2016-04-01,变更登记,渔业用海,开放式养殖用海,"开放式养殖"
1040,2011-06-01,变更登记,渔业用海,开放式养殖用海,"开放式养殖"
1041,2012-05-01,变更登记,渔业用海,开放式养殖用海,"开放式养殖"
1042,2016-05-01,变更登记,渔业用海,开放式养殖用海,"开放式养殖"
1043,2015-04-01,变更登记,渔业用海,开放式养殖用海,"开放式养殖"
1044,2012-06-01,变更登记,渔业用海,开放式养殖用海,"开放式养殖"
1045,2015-05-01,变更登记,渔业用海,开放式养殖用海,"开放式养殖"
1046,2015-06-01,变更登记,渔业用海,开放式养殖用海,"开放式养殖"
1047,2013-05-01,变更登记,渔业用海,开放式养殖用海,"开放式养殖"
1048,2015-02-01,变更登记,渔业用海,开放式养殖用海,"开放式养殖"
1049,2014-06-01,变更登记,渔业用海,开放式养殖用海,"开放式养殖"
1050,2014-05-01,变更登记,渔业用海,开放式养殖用海,"开放式养殖"
1051,2013-06-01,变更登记,渔业用海,开放式养殖用海,"开放式养殖"
1052,2013-06-01,变更登记,渔业用海,开放式养殖用海,"开放式养殖"
1053,2016-05-01,变更登记,渔业用海,开放式养殖用海,"开放式养殖"
1054,2014-02-01,变更登记,渔业用海,开放式养殖用海,"开放式养殖"
1055,2016-05-01,变更登记,渔业用海,开放式养殖用海,"开放式养殖"
1056,2016-06-01,变更登记,渔业用海,开放式养殖用海,"开放式养殖"
1057,2015-06-01,变更登记,渔业用海,开放式养殖用海,"开放式养殖"
1058,2013-05-01,变更登记,渔业用海,开放式养殖用海,"开放式养殖"
1059,2016-06-01,变更登记,渔业用海,开放式养殖用海,"开放式养殖"
1060,2013-04-01,变更登记,渔业用海,开放式养殖用海,"开放式养殖"
1061,2011-02-01,变更登记,渔业用海,开放式养殖用海,"开放式养殖"
1062,2014-06-01,变更登记,渔业用海,开放式养殖用海,"开放式养殖"
1063,2016-04-01,变更登记,渔业用海,开放式养殖用海,"开放式养殖"
1064,2014-06-01,变更登记,渔业用海,开放式养殖用海,"开放式养殖"
1065,2016-04-01,变更登记,渔业用海,开放式养殖用海,"开放式养殖"
1066,2011-04-01,变更登记,渔业用海,开放式养殖用海,"开放式养殖"
1067,2016-04-01,变更登记,渔业用海,开放式养殖用海,"开放式养殖"
1068,2010-06-01,变更登记,渔业用海,开放式养殖用海,"开放式养殖"
1069,2011-04-01,变更登记,渔业用海,开放式养殖用海,"开放式养殖"
1070,2016-06-01,变更登记,渔业用海,开放式养殖用海,"开放式养殖"
1071,2016-04-01,变更登记,渔业用海,开放式养殖用海,"开放式养殖"
1072,2015-05-01,变更登记,渔业用海,开放式养殖用海,"开放式养殖"
1073,2016-06-01,变更登记,渔业用海,开放式养殖用海,"开放式养殖"
1074,2016-06-01,变更登记,渔业用海,开放式养殖用海,"开放式养殖"
1075,2011-04-01,变更登记,渔业用海,开放式养殖用海,"开放式养殖"
1076,2012-05-01,变更登记,渔业用海,开放式养殖用海,"开放式养殖"
1077,2013-05-01,变更登记,渔业用海,开放式养殖用海,"开放式养殖"
1078,2015-02-01,变更登记,渔业用海,开放式养殖用海,"开放式养殖"
1079,2016-02-01,变更登记,渔业用海,开放式养殖用海,"开放式养殖"
1080,2013-02-01,变更登记,渔业用海,开放式养殖用海,"开放式养殖"
1081,2013-06-01,变更登记,渔业用海,开放式养殖用海,"开放式养殖"
1082,2013-06-01,变更登记,渔业用海,开放式养殖用海,"开放式养殖"
1083,2012-06-01,变更登记,渔业用海,开放式养殖用海,"开放式养殖"
1084,2016-03-01,变更登记,渔业用海,开放式养殖用海,"开放式养殖"
1085,2016-04-01,变更登记,渔业用海,开放式养殖用海,"开放式养殖"
1086,2010-05-01,变更登记,交通运输用海,港口用海,"港池、蓄水等"
1087,2011-06-01,变更登记,交通运输用海,港口用海,"透水构筑物"
1088,2014-05-01,初始登记,渔业用海,围海养殖用海,"围海养殖"
1089,2015-04-01,初始登记,渔业用海,开放式养殖用海,"开放式养殖"
1090,2016-05-01,初始登记,渔业用海,开放式养殖用海,"开放式养殖"
1091,2015-04-01,初始登记,渔业用海,开放式养殖用海,"开放式养殖"
1092,2014-02-01,初始登记,渔业用海,围海养殖用海,"围海养殖"
1093,2016-02-01,初始登记,渔业用海,开放式养殖用海,"开放式养殖"
1094,2013-05-01,初始登记,渔业用海,开放式养殖用海,"开放式养殖"
1095,2011-05-01,初始登记,渔业用海,开放式养殖用海,"开放式养殖"
1096,2012-05-01,初始登记,渔业用海,开放式养殖用海,"开放式养殖"
1097,2015-06-01,初始登记,渔业用海,开放式养殖用海,"开放式养殖"
1098,2016-05-01,变更登记,渔业用海,开放式养殖用海,"开放式养殖"
1099,2015-06-01,初始登记,渔业用海,开放式养殖用海,"开放式养殖"
1100,2012-05-01,变更登记,交通运输用海,港口用海,"非透水构筑物"
1101,2012-06-01,变更登记,交通运输用海,港口用海,"透水构筑物"
1102,2011-03-01,变更登记,交通运输用海,港口用海,"透水构筑物"
1103,2010-05-01,变更登记,交通运输用海,港口用海,"透水构筑物"
1104,2016-05-01,变更登记,交通运输用海,港口用海,"港池、蓄水等"
1105,2015-04-01,变更登记,渔业用海,开放式养殖用海,"开放式养殖"
1106,2011-05-01,初始登记,渔业用海,围海养殖用海,"围海养殖"
1107,2010-05-01,初始登记,渔业用海,围海养殖用海,"围海养殖"
1108,2012-03-01,变更登记,渔业用海,开放式养殖用海,"开放式养殖"
1109,2012-03-01,变更登记,渔业用海,围海养殖用海,"围海养殖"
1110,2012-05-01,变更登记,渔业用海,围海养殖用海,"围海养殖"
1111,2015-04-01,变更登记,渔业用海,围海养殖用海,"围海养殖"
1112,2015-05-01,初始登记,渔业用海,开放式养殖用海,"开放式养殖"
1113,2012-04-01,变更登记,渔业用海,开放式养殖用海,"开放式养殖"
1114,2011-06-01,初始登记,渔业用海,开放式养殖用海,"开放式养殖"
1115,2016-04-01,初始登记,渔业用海,开放式养殖用海,"开放式养殖"
1116,2013-06-01,初始登记,渔业用海,开放式养殖用海,"开放式养殖"
1117,2012-05-01,初始登记,渔业用海,开放式养殖用海,"开放式养殖"
1118,2015-03-01,初始登记,渔业用海,围海养殖用海,"围海养殖"
1119,2015-05-01,初始登记,渔业用海,开放式养殖用海,"开放式养殖"
1120,2013-05-01,变更登记,渔业用海,围海养殖用海,"围海养殖"
1121,2012-06-01,初始登记,渔业用海,开放式养殖用海,"开放式养殖"
1122,2013-05-01,初始登记,渔业用海,开放式养殖用海,"开放式养殖"
1123,2010-06-01,变更登记,渔业用海,开放式养殖用海,"开放式养殖"
1124,2013-06-01,初始登记,渔业用海,开放式养殖用海,"开放式养殖"
1125,2014-06-01,初始登记,渔业用海,开放式养殖用海,"开放式养殖"
1126,2016-04-01,变更登记,渔业用海,开放式养殖用海,"开放式养殖"
1127,2016-03-01,变更登记,渔业用海,开放式养殖用海,"开放式养殖"
1128,2013-04-01,变更登记,渔业用海,开放式养殖用海,"开放式养殖"
1129,2016-04-01,变更登记,渔业用海,开放式养殖用海,"开放式养殖"
1130,2016-06-01,变更登记,渔业用海,开放式养殖用海,"开放式养殖"
1131,2015-04-01,变更登记,渔业用海,开放式养殖用海,"开放式养殖"
1132,2010-06-01,变更登记,渔业用海,开放式养殖用海,"开放式养殖"
1133,2015-05-01,变更登记,渔业用海,开放式养殖用海,"开放式养殖"
1134,2014-05-01,变更登记,渔业用海,开放式养殖用海,"开放式养殖"
1135,2015-06-01,变更登记,渔业用海,开放式养殖用海,"开放式养殖"
1136,2013-04-01,变更登记,渔业用海,开放式养殖用海,"开放式养殖"
1137,2016-05-01,初始登记,渔业用海,开放式养殖用海,"开放式养殖"
1138,2013-06-01,变更登记,渔业用海,开放式养殖用海,"开放式养殖"
1139,2014-04-01,变更登记,渔业用海,开放式养殖用海,"开放式养殖"
1140,2010-06-01,初始登记,交通运输用海,港口用海,"建设填海造地"
1141,2014-06-01,变更登记,渔业用海,开放式养殖用海,"开放式养殖"
1142,2012-04-01,初始登记,工业用海,电力工业用海,"非透水构筑物"
1143,2014-06-01,初始登记,工业用海,电力工业用海,"非透水构筑物"
1144,2015-06-01,初始登记,交通运输用海,港口用海,"11、建设填海造地"
1145,2016-04-01,初始登记,渔业用海,开放式养殖用海,"开放式养殖"
1146,2016-06-01,变更登记,渔业用海,开放式养殖用海,"开放式养殖"
1147,2016-06-01,初始登记,交通运输用海,港口用海,"港池、蓄水等"
1148,2012-03-01,初始登记,交通运输用海,港口用海,"建设填海造地"
1149,2014-04-01,变更登记,渔业用海,开放式养殖用海,"开放式养殖"
1150,2016-05-01,变更登记,渔业用海,开放式养殖用海,"开放式养殖"
1151,2013-06-01,变更登记,渔业用海,开放式养殖用海,"开放式养殖"
1152,2014-06-01,变更登记,渔业用海,开放式养殖用海,"开放式养殖"
1153,2015-06-01,变更登记,渔业用海,开放式养殖用海,"开放式养殖"
1154,2015-03-01,初始登记,交通运输用海,港口用海,"港池、蓄水等"
1155,2013-04-01,初始登记,造地工程用海,城镇建设填海造地用海,"建设填海造地"
1156,2012-05-01,变更登记,渔业用海,开放式养殖用海,"开放式养殖"
1157,2014-04-01,初始登记,渔业用海,开放式养殖用海,"开放式养殖"
1158,2012-06-01,初始登记,交通运输用海,港口用海,"透水构筑物"
1159,2015-06-01,变更登记,渔业用海,开放式养殖用海,"开放式养殖"
1160,2016-06-01,变更登记,渔业用海,围海养殖用海,"围海养殖"
1161,2010-05-01,变更登记,渔业用海,开放式养殖用海,"开放式养殖"
1162,2016-04-01,初始登记,交通运输用海,港口用海,"建设填海造地"
1163,2016-06-01,初始登记,交通运输用海,港口用海,"透水构筑物"
1164,2013-06-01,变更登记,渔业用海,开放式养殖用海,"开放式养殖"
1165,2011-06-01,变更登记,渔业用海,开放式养殖用海,"开放式养殖"
1166,2015-06-01,初始登记,渔业用海,开放式养殖用海,"开放式养殖"
1167,2011-03-01,初始登记,交通运输用海,港口用海,"非透水构筑物"
1168,2010-04-01,初始登记,渔业用海,开放式养殖用海,"开放式养殖"
1169,2016-04-01,变更登记,渔业用海,开放式养殖用海,"开放式养殖"
1170,2013-05-01,变更登记,渔业用海,开放式养殖用海,"开放式养殖"
1171,2010-04-01,变更登记,渔业用海,开放式养殖用海,"开放式养殖"
1172,2011-02-01,初始登记,造地工程用海,城镇建设填海造地用海,"建设填海造地"
1173,2012-02-01,变更登记,渔业用海,开放式养殖用海,"开放式养殖"
1174,2014-06-01,变更登记,渔业用海,开放式养殖用海,"开放式养殖"
1175,2016-05-01,变更登记,渔业用海,开放式养殖用海,"开放式养殖"
1176,2011-03-01,变更登记,渔业用海,开放式养殖用海,"开放式养殖"
1177,2016-06-01,变更登记,渔业用海,开放式养殖用海,"开放式养殖"
1178,2014-06-01,变更登记,渔业用海,开放式养殖用海,"开放式养殖"
1179,2013-05-01,变更登记,渔业用海,开放式养殖用海,"开放式养殖"
1180,2014-04-01,变更登记,渔业用海,开放式养殖用海,"开放式养殖"
1181,2015-06-01,变更登记,渔业用海,开放式养殖用海,"开放式养殖"
1182,2010-05-01,初始登记,造地工程用海,城镇建设填海造地用海,"建设填海造地"
1183,2014-03-01,变更登记,渔业用海,开放式养殖用海,"开放式养殖"
1184,2012-06-01,变更登记,渔业用海,开放式养殖用海,"开放式养殖"
1185,2014-05-01,变更登记,渔业用海,开放式养殖用海,"开放式养殖"
1186,2016-04-01,变更登记,渔业用海,开放式养殖用海,"开放式养殖"
1187,2012-04-01,初始登记,造地工程用海,城镇建设填海造地用海,"建设填海造地"
1188,2014-06-01,初始登记,交通运输用海,港口用海,"港池、蓄水等"
1189,2015-05-01,初始登记,交通运输用海,港口用海,"透水构筑物"
1190,2011-05-01,初始登记,交通运输用海,港口用海,"港池、蓄水等"
1191,2015-05-01,变更登记,渔业用海,开放式养殖用海,"开放式养殖"
1192,2015-05-01,变更登记,渔业用海,开放式养殖用海,"开放式养殖"
1193,2016-06-01,初始登记,特殊用海,科研教学用海,"围海养殖"
1194,2012-06-01,变更登记,渔业用海,围海养殖用海,"围海养殖"
1195,2011-06-01,初始登记,工业用海,电力工业用海,"非透水构筑物"
1196,2012-05-01,变更登记,渔业用海,围海养殖用海,"围海养殖"
1197,2016-06-01,初始登记,工业用海,电力工业用海,"非透水构筑物"
1198,2016-06-01,变更登记,渔业用海,开放式养殖用海,"围海养殖"
1199,2012-04-01,变更登记,交通运输用海,港口用海,"建设填海造地"
1200,2015-04-01,变更登记,交通运输用海,港口用海,"建设填海造地"
1201,2016-05-01,初始登记,工业用海,电力工业用海,"海底电缆管道"
1202,2015-05-01,初始登记,工业用海,电力工业用海,"非透水构筑物"
1203,2016-04-01,初始登记,渔业用海,开放式养殖用海,"开放式养殖"
1204,2013-05-01,初始登记,工业用海,电力工业用海,"非透水构筑物"
1205,2013-03-01,初始登记,工业用海,电力工业用海,"非透水构筑物"
1206,2015-06-01,初始登记,渔业用海,开放式养殖用海,"开放式养殖"
1207,2012-06-01,初始登记,工业用海,电力工业用海,"非透水构筑物"
1208,2014-04-01,初始登记,工业用海,电力工业用海,"非透水构筑物"
1209,2015-05-01,变更登记,渔业用海,围海养殖用海,"围海养殖"
1210,2013-06-01,初始登记,工业用海,电力工业用海,"非透水构筑物"
1211,2014-06-01,初始登记,渔业用海,开放式养殖用海,"开放式养殖"
1212,2015-02-01,初始登记,工业用海,电力工业用海,"建设填海造地"
1213,2011-06-01,初始登记,工业用海,电力工业用海,"非透水构筑物"
1214,2012-05-01,初始登记,工业用海,电力工业用海,"非透水构筑物"
1215,2016-06-01,变更登记,渔业用海,开放式养殖用海,"开放式养殖"
1216,2012-05-01,变更登记,渔业用海,开放式养殖用海,"开放式养殖"
1217,2012-06-01,变更登记,渔业用海,开放式养殖用海,"开放式养殖"
1218,2015-06-01,初始登记,渔业用海,渔业基础设施用海,"建设填海造地"
1219,2011-02-01,初始登记,渔业用海,渔业基础设施用海,"建设填海造地"
1220,2016-02-01,初始登记,渔业用海,围海养殖用海,"围海养殖"
1221,2014-05-01,初始登记,渔业用海,开放式养殖用海,"开放式养殖"
1222,2015-05-01,变更登记,渔业用海,开放式养殖用海,"开放式养殖"
1223,2015-05-01,变更登记,渔业用海,开放式养殖用海,"开放式养殖"
1224,2015-02-01,变更登记,渔业用海,开放式养殖用海,"开放式养殖"
1225,2011-06-01,变更登记,渔业用海,围海养殖用海,"围海养殖"
1226,2015-06-01,变更登记,渔业用海,开放式养殖用海,"开放式养殖"
1227,2013-03-01,变更登记,渔业用海,开放式养殖用海,"开放式养殖"
1228,2012-05-01,变更登记,渔业用海,开放式养殖用海,"开放式养殖"
1229,2013-06-01,变更登记,渔业用海,开放式养殖用海,"开放式养殖"
1230,2016-06-01,初始登记,渔业用海,开放式养殖用海,"开放式养殖"
1231,2012-04-01,变更登记,渔业用海,围海养殖用海,"围海养殖"
1232,2015-05-01,初始登记,渔业用海,开放式养殖用海,"开放式养殖"
1233,2010-04-01,变更登记,渔业用海,开放式养殖用海,"开放式养殖"
1234,2015-06-01,初始登记,渔业用海,开放式养殖用海,"开放式养殖"
1235,2013-05-01,初始登记,渔业用海,开放式养殖用海,"开放式养殖"
1236,2015-06-01,初始登记,渔业用海,开放式养殖用海,"开放式养殖"
1237,2016-03-01,初始登记,渔业用海,开放式养殖用海,"开放式养殖"
1238,2015-05-01,变更登记,渔业用海,开放式养殖用海,"开放式养殖"
1239,2014-05-01,变更登记,渔业用海,开放式养殖用海,"开放式养殖"
1240,2014-05-01,初始登记,渔业用海,开放式养殖用海,"开放式养殖"
1241,2016-06-01,初始登记,渔业用海,开放式养殖用海,"开放式养殖"
1242,2011-04-01,初始登记,渔业用海,开放式养殖用海,"开放式养殖"
1243,2012-05-01,变更登记,渔业用海,开放式养殖用海,"开放式养殖"
1244,2014-02-01,初始登记,渔业用海,围海养殖用海,"围海养殖"
1245,2015-05-01,变更登记,渔业用海,开放式养殖用海,"开放式养殖"
1246,2010-06-01,初始登记,渔业用海,开放式养殖用海,"开放式养殖"
1247,2014-05-01,变更登记,渔业用海,开放式养殖用海,"开放式养殖"
1248,2015-04-01,变更登记,渔业用海,开放式养殖用海,"开放式养殖"
1249,2015-05-01,初始登记,渔业用海,开放式养殖用海,"开放式养殖"
1250,2012-06-01,变更登记,渔业用海,围海养殖用海,"围海养殖"
1251,2015-03-01,变更登记,渔业用海,开放式养殖用海,"开放式养殖"
1252,2012-04-01,变更登记,渔业用海,开放式养殖用海,"开放式养殖"
1253,2014-05-01,变更登记,渔业用海,开放式养殖用海,"开放式养殖"
1254,2010-02-01,变更登记,渔业用海,开放式养殖用海,"开放式养殖"
1255,2014-03-01,初始登记,渔业用海,开放式养殖用海,"开放式养殖"
1256,2011-06-01,变更登记,渔业用海,开放式养殖用海,"开放式养殖"
1257,2012-04-01,初始登记,渔业用海,开放式养殖用海,"开放式养殖"
1258,2016-04-01,初始登记,渔业用海,开放式养殖用海,"开放式养殖"
1259,2014-04-01,初始登记,渔业用海,围海养殖用海,"围海养殖"
1260,2010-03-01,变更登记,渔业用海,开放式养殖用海,"开放式养殖"
1261,2016-04-01,初始登记,渔业用海,开放式养殖用海,"开放式养殖"
1262,2012-06-01,初始登记,渔业用海,开放式养殖用海,"开放式养殖"
1263,2014-04-01,初始登记,渔业用海,围海养殖用海,"围海养殖"
1264,2016-05-01,变更登记,渔业用海,开放式养殖用海,"开放式养殖"
1265,2014-06-01,变更登记,渔业用海,开放式养殖用海,"开放式养殖"
1266,2011-06-01,初始登记,渔业用海,开放式养殖用海,"开放式养殖"
1267,2016-06-01,初始登记,渔业用海,开放式养殖用海,"开放式养殖"
1268,2016-04-01,变更登记,渔业用海,开放式养殖用海,"开放式养殖"
1269,2014-06-01,变更登记,渔业用海,开放式养殖用海,"开放式养殖"
1270,2016-06-01,变更登记,渔业用海,开放式养殖用海,"开放式养殖"
1271,2016-02-01,初始登记,渔业用海,开放式养殖用海,"开放式养殖"
1272,2010-05-01,变更登记,渔业用海,开放式养殖用海,"开放式养殖"
1273,2016-03-01,变更登记,渔业用海,围海养殖用海,"围海养殖"
1274,2013-06-01,初始登记,渔业用海,开放式养殖用海,"开放式养殖"
1275,2015-06-01,变更登记,渔业用海,开放式养殖用海,"开放式养殖"
1276,2016-02-01,初始登记,渔业用海,开放式养殖用海,"开放式养殖"
1277,2014-05-01,初始登记,渔业用海,开放式养殖用海,"开放式养殖"
1278,2014-05-01,初始登记,工业用海,电力工业用海,"透水构筑物"
1279,2015-05-01,初始登记,渔业用海,开放式养殖用海,"开放式养殖"
1280,2013-05-01,初始登记,渔业用海,开放式养殖用海,"开放式养殖"
1281,2015-03-01,变更登记,渔业用海,开放式养殖用海,"开放式养殖"
1282,2015-05-01,初始登记,渔业用海,开放式养殖用海,"开放式养殖"
1283,2016-03-01,变更登记,渔业用海,开放式养殖用海,"开放式养殖"
1284,2016-05-01,变更登记,渔业用海,开放式养殖用海,"开放式养殖"
1285,2011-05-01,初始登记,渔业用海,开放式养殖用海,"开放式养殖"
1286,2015-04-01,变更登记,渔业用海,开放式养殖用海,"开放式养殖"
1287,2016-05-01,变更登记,渔业用海,开放式养殖用海,"开放式养殖"
1288,2015-04-01,变更登记,渔业用海,开放式养殖用海,"开放式养殖"
1289,2013-06-01,初始登记,渔业用海,开放式养殖用海,"开放式养殖"
1290,2014-05-01,变更登记,渔业用海,开放式养殖用海,"开放式养殖"
1291,2010-05-01,变更登记,渔业用海,开放式养殖用海,"开放式养殖"
1292,2013-04-01,初始登记,交通运输用海,港口用海,"建设填海造地"
1293,2016-03-01,初始登记,渔业用海,开放式养殖用海,"开放式养殖"
1294,2014-06-01,初始登记,工业用海,电力工业用海,"海底电缆管道"
1295,2016-04-01,初始登记,工业用海,其它工业用海,"建设填海造地"
1296,2015-03-01,初始登记,渔业用海,围海养殖用海,"围海养殖"
1297,2013-02-01,初始登记,渔业用海,开放式养殖用海,"开放式养殖"
1298,2010-06-01,初始登记,渔业用海,渔业基础设施用海,"建设填海造地"
1299,2010-06-01,初始登记,渔业用海,开放式养殖用海,"开放式养殖"
1300,2015-06-01,初始登记,工业用海,电力工业用海,"透水构筑物"
1301,2012-04-01,初始登记,工业用海,其它工业用海,"建设填海造地"
1302,2015-02-01,初始登记,工业用海,其它工业用海,"建设填海造地"
1303,2015-05-01,初始登记,渔业用海,开放式养殖用海,"开放式养殖"
1304,2016-05-01,初始登记,渔业用海,渔业基础设施用海,"建设填海造地"
1305,2012-06-01,初始登记,工业用海,电力工业用海,"透水构筑物"
1306,2013-02-01,初始登记,工业用海,电力工业用海,"透水构筑物"
1307,2016-06-01,初始登记,工业用海,电力工业用海,"透水构筑物"
1308,2012-06-01,初始登记,工业用海,其它工业用海,"建设填海造地"
1309,2016-03-01,变更登记,渔业用海,开放式养殖用海,"开放式养殖"
1310,2013-06-01,初始登记,交通运输用海,港口用海,"建设填海造地"
1311,2012-04-01,初始登记,渔业用海,开放式养殖用海,"开放式养殖"
1312,2013-05-01,初始登记,渔业用海,渔业基础设施用海,"建设填海造地"
1313,2015-05-01,初始登记,工业用海,电力工业用海,"透水构筑物"
1314,2013-06-01,初始登记,工业用海,其它工业用海,"建设填海造地"
1315,2016-06-01,初始登记,工业用海,其它工业用海,"建设填海造地"
1316,2013-05-01,初始登记,交通运输用海,港口用海,"建设填海造地"
1317,2015-05-01,初始登记,工业用海,其它工业用海,"建设填海造地"
1318,2016-06-01,初始登记,渔业用海,开放式养殖用海,"开放式养殖"
1319,2016-03-01,初始登记,渔业用海,开放式养殖用海,"开放式养殖"
1320,2016-02-01,初始登记,渔业用海,围海养殖用海,"围海养殖"
1321,2016-03-01,初始登记,渔业用海,开放式养殖用海,"开放式养殖"
1322,2015-03-01,初始登记,渔业用海,开放式养殖用海,"开放式养殖"
1323,2014-06-01,初始登记,渔业用海,开放式养殖用海,"开放式养殖"
1324,2015-05-01,初始登记,渔业用海,开放式养殖用海,"开放式养殖"
1325,2016-03-01,变更登记,渔业用海,开放式养殖用海,"围海养殖"
1326,2014-05-01,初始登记,工业用海,其它工业用海,"建设填海造地"
1327,2014-06-01,初始登记,渔业用海,开放式养殖用海,"开放式养殖"
1328,2013-06-01,初始登记,渔业用海,开放式养殖用海,"开放式养殖"
1329,2016-05-01,初始登记,交通运输用海,港口用海,"建设填海造地"
1330,2013-06-01,初始登记,工业用海,其它工业用海,"建设填海造地"
1331,2012-06-01,初始登记,工业用海,其它工业用海,"建设填海造地"
1332,2016-03-01,初始登记,工业用海,电力工业用海,"透水构筑物"
1333,2014-06-01,初始登记,交通运输用海,港口用海,"建设填海造地"
1334,2013-06-01,初始登记,工业用海,其它工业用海,"建设填海造地"
1335,2016-06-01,初始登记,工业用海,其它工业用海,"建设填海造地"
1336,2012-05-01,初始登记,交通运输用海,港口用海,"建设填海造地"
1337,2014-04-01,初始登记,特殊用海,海岸防护工程用海,"非透水构筑物"
1338,2010-05-01,变更登记,渔业用海,围海养殖用海,"开放式养殖"
1339,2015-05-01,初始登记,工业用海,电力工业用海,"海底电缆管道"
1340,2015-03-01,初始登记,交通运输用海,港口用海,"建设填海造地"
1341,2012-05-01,初始登记,工业用海,其它工业用海,"建设填海造地"
1342,2015-06-01,初始登记,渔业用海,开放式养殖用海,"开放式养殖"
1343,2012-06-01,初始登记,工业用海,其它工业用海,"建设填海造地"
1344,2013-06-01,初始登记,工业用海,其它工业用海,"建设填海造地"
1345,2014-03-01,初始登记,特殊用海,海岸防护工程用海,"非透水构筑物"
1346,2015-05-01,初始登记,渔业用海,开放式养殖用海,"开放式养殖"
1347,2013-04-01,变更登记,渔业用海,开放式养殖用海,"41、开放式养殖"
1348,2015-05-01,初始登记,渔业用海,开放式养殖用海,"开放式养殖"
1349,2016-05-01,变更登记,交通运输用海,港口用海,"透水构筑物"
1350,2016-06-01,变更登记,交通运输用海,港口用海,"港池、蓄水等"
1351,2015-04-01,变更登记,交通运输用海,港口用海,"透水构筑物"
1352,2015-05-01,变更登记,交通运输用海,港口用海,"透水构筑物"
1353,2012-05-01,初始登记,渔业用海,开放式养殖用海,"开放式养殖"
1354,2013-04-01,初始登记,渔业用海,开放式养殖用海,"开放式养殖"
1355,2013-05-01,初始登记,渔业用海,开放式养殖用海,"开放式养殖"
1356,2015-06-01,初始登记,渔业用海,开放式养殖用海,"开放式养殖"
1357,2015-06-01,初始登记,渔业用海,围海养殖用海,"围海养殖"
1358,2016-05-01,变更登记,渔业用海,开放式养殖用海,"开放式养殖"
1359,2015-02-01,变更登记,渔业用海,开放式养殖用海,"开放式养殖"
1360,2016-04-01,初始登记,渔业用海,围海养殖用海,"围海养殖"
1361,2013-05-01,初始登记,造地工程用海,城镇建设填海造地用海,"建设填海造地"
1362,2011-06-01,初始登记,渔业用海,围海养殖用海,"围海养殖"
1363,2015-04-01,初始登记,渔业用海,开放式养殖用海,"开放式养殖"
1364,2015-04-01,变更登记,渔业用海,开放式养殖用海,"开放式养殖"
1365,2015-05-01,变更登记,渔业用海,开放式养殖用海,"开放式养殖"
1366,2010-04-01,初始登记,交通运输用海,港口用海,"建设填海造地"
1367,2012-04-01,初始登记,渔业用海,开放式养殖用海,"开放式养殖"
1368,2014-04-01,初始登记,渔业用海,围海养殖用海,"围海养殖"
1369,2016-06-01,变更登记,渔业用海,开放式养殖用海,"开放式养殖"
1370,2011-06-01,初始登记,渔业用海,开放式养殖用海,"开放式养殖"
1371,2012-05-01,初始登记,渔业用海,开放式养殖用海,"开放式养殖"
1372,2010-04-01,变更登记,渔业用海,开放式养殖用海,"开放式养殖"
1373,2016-05-01,变更登记,工业用海,电力工业用海,"透水构筑物"
1374,2015-06-01,初始登记,交通运输用海,港口用海,"非透水构筑物"
1375,2014-06-01,初始登记,交通运输用海,港口用海,"非透水构筑物"
1376,2012-04-01,初始登记,渔业用海,开放式养殖用海,"开放式养殖"
1377,2015-04-01,变更登记,渔业用海,开放式养殖用海,"开放式养殖"
1378,2012-06-01,变更登记,渔业用海,开放式养殖用海,"开放式养殖"
1379,2011-03-01,变更登记,渔业用海,开放式养殖用海,"开放式养殖"
1380,2015-04-01,变更登记,渔业用海,开放式养殖用海,"开放式养殖"
1381,2016-05-01,初始登记,渔业用海,开放式养殖用海,"开放式养殖"
1382,2012-05-01,初始登记,渔业用海,开放式养殖用海,"开放式养殖"
1383,2015-03-01,初始登记,渔业用海,围海养殖用海,"围海养殖"
1384,2011-06-01,初始登记,渔业用海,围海养殖用海,"围海养殖"
1385,2013-02-01,初始登记,渔业用海,开放式养殖用海,"开放式养殖"
1386,2016-06-01,初始登记,渔业用海,渔业基础设施用海,"建设填海造地"
1387,2015-04-01,初始登记,工业用海,电力工业用海,"透水构筑物"
1388,2015-04-01,初始登记,工业用海,电力工业用海,"海底电缆管道"
1389,2013-06-01,初始登记,渔业用海,开放式养殖用海,"开放式养殖"
1390,2013-05-01,初始登记,渔业用海,渔业基础设施用海,"建设填海造地"
1391,2013-03-01,初始登记,渔业用海,渔业基础设施用海,"建设填海造地"
1392,2012-05-01,初始登记,工业用海,电力工业用海,"透水构筑物"
1393,2015-06-01,初始登记,工业用海,电力工业用海,"透水构筑物"
1394,2011-06-01,变更登记,渔业用海,开放式养殖用海,"开放式养殖"
1395,2013-05-01,初始登记,渔业用海,围海养殖用海,"围海养殖"
1396,2011-04-01,初始登记,工业用海,电力工业用海,"海底电缆管道"
1397,2014-06-01,初始登记,工业用海,电力工业用海,"海底电缆管道"
1398,2015-06-01,初始登记,工业用海,电力工业用海,"透水构筑物"
1399,2016-06-01,初始登记,工业用海,电力工业用海,"海底电缆管道"
1400,2015-04-01,初始登记,渔业用海,渔业基础设施用海,"建设填海造地"
1401,2015-04-01,初始登记,渔业用海,渔业基础设施用海,"建设填海造地"
1402,2015-05-01,变更登记,渔业用海,开放式养殖用海,"开放式养殖"
1403,2014-04-01,变更登记,渔业用海,开放式养殖用海,"开放式养殖"
1404,2015-06-01,初始登记,渔业用海,开放式养殖用海,"开放式养殖"
1405,2016-06-01,初始登记,工业用海,电力工业用海,"海底电缆管道"
1406,2016-05-01,初始登记,工业用海,电力工业用海,"海底电缆管道"
1407,2015-05-01,初始登记,渔业用海,渔业基础设施用海,"建设填海造地"
1408,2012-05-01,初始登记,渔业用海,渔业基础设施用海,"建设填海造地"
1409,2014-04-01,变更登记,工业用海,其它工业用海,"建设填海造地"
1410,2012-03-01,变更登记,工业用海,其它工业用海,"建设填海造地"
1411,2015-04-01,初始登记,渔业用海,渔业基础设施用海,"建设填海造地"
1412,2012-06-01,变更登记,渔业用海,开放式养殖用海,"开放式养殖"
1413,2015-06-01,初始登记,工业用海,电力工业用海,"海底电缆管道"
1414,2014-06-01,变更登记,渔业用海,开放式养殖用海,"开放式养殖"
1415,2014-03-01,初始登记,渔业用海,渔业基础设施用海,"建设填海造地"
1416,2016-06-01,初始登记,渔业用海,渔业基础设施用海,"建设填海造地"
1417,2015-04-01,初始登记,渔业用海,渔业基础设施用海,"建设填海造地"
1418,2016-05-01,初始登记,工业用海,电力工业用海,"建设填海造地"
1419,2013-06-01,初始登记,工业用海,电力工业用海,"建设填海造地"
1420,2012-04-01,初始登记,工业用海,电力工业用海,"建设填海造地"
1421,2012-05-01,初始登记,工业用海,电力工业用海,"建设填海造地"
1422,2015-06-01,初始登记,工业用海,电力工业用海,"建设填海造地"
1423,2010-05-01,初始登记,工业用海,电力工业用海,"建设填海造地"
1424,2011-04-01,初始登记,工业用海,电力工业用海,"建设填海造地"
1425,2016-06-01,初始登记,工业用海,电力工业用海,"建设填海造地"
1426,2013-06-01,初始登记,工业用海,电力工业用海,"建设填海造地"
1427,2013-03-01,初始登记,工业用海,电力工业用海,"建设填海造地"
1428,2015-05-01,初始登记,工业用海,电力工业用海,"建设填海造地"
1429,2013-05-01,初始登记,工业用海,电力工业用海,"透水构筑物"
1430,2015-06-01,初始登记,工业用海,电力工业用海,"建设填海造地"
1431,2014-06-01,初始登记,工业用海,电力工业用海,"建设填海造地"
1432,2015-03-01,初始登记,工业用海,电力工业用海,"建设填海造地"
1433,2012-06-01,初始登记,工业用海,电力工业用海,"建设填海造地"
1434,2015-06-01,初始登记,工业用海,电力工业用海,"建设填海造地"
1435,2012-06-01,初始登记,工业用海,电力工业用海,"建设填海造地"
1436,2013-04-01,初始登记,工业用海,电力工业用海,"建设填海造地"
1437,2015-06-01,初始登记,工业用海,电力工业用海,"建设填海造地"
1438,2014-04-01,初始登记,工业用海,电力工业用海,"建设填海造地"
1439,2011-06-01,初始登记,工业用海,电力工业用海,"透水构筑物"
1440,2013-06-01,初始登记,工业用海,电力工业用海,"非透水构筑物"
1441,2015-04-01,初始登记,工业用海,电力工业用海,"非透水构筑物"
1442,2014-04-01,初始登记,工业用海,电力工业用海,"非透水构筑物"
1443,2013-03-01,初始登记,工业用海,电力工业用海,"非透水构筑物"
1444,2011-06-01,初始登记,工业用海,电力工业用海,"非透水构筑物"
1445,2013-06-01,变更登记,渔业用海,围海养殖用海,"围海养殖"
1446,2010-02-01,初始登记,渔业用海,开放式养殖用海,"开放式养殖"
1447,2015-05-01,初始登记,渔业用海,开放式养殖用海,"开放式养殖"
1448,2013-06-01,变更登记,工业用海,其它工业用海,"透水构筑物"
1449,2016-05-01,变更登记,工业用海,其它工业用海,"建设填海造地"
1450,2015-05-01,变更登记,渔业用海,开放式养殖用海,"开放式养殖"
1451,2010-05-01,初始登记,渔业用海,开放式养殖用海,"开放式养殖"
1452,2013-04-01,变更登记,渔业用海,开放式养殖用海,"开放式养殖"
1453,2011-04-01,变更登记,渔业用海,围海养殖用海,"围海养殖"
1454,2013-05-01,变更登记,渔业用海,围海养殖用海,"围海养殖"
1455,2015-02-01,变更登记,渔业用海,围海养殖用海,"围海养殖"
1456,2013-05-01,变更登记,渔业用海,开放式养殖用海,"开放式养殖"
1457,2015-06-01,变更登记,渔业用海,开放式养殖用海,"开放式养殖"
1458,2015-06-01,变更登记,渔业用海,开放式养殖用海,"开放式养殖"
1459,2015-05-01,变更登记,渔业用海,开放式养殖用海,"开放式养殖"
1460,2011-02-01,变更登记,渔业用海,开放式养殖用海,"开放式养殖"
1461,2016-03-01,变更登记,渔业用海,开放式养殖用海,"开放式养殖"
1462,2016-06-01,变更登记,渔业用海,开放式养殖用海,"开放式养殖"
1463,2015-05-01,变更登记,渔业用海,围海养殖用海,"非透水构筑物"
1464,2016-04-01,变更登记,渔业用海,围海养殖用海,"非透水构筑物"
1465,2015-06-01,变更登记,渔业用海,围海养殖用海,"围海养殖"
1466,2015-03-01,变更登记,渔业用海,围海养殖用海,"围海养殖"
1467,2016-05-01,初始登记,渔业用海,开放式养殖用海,"开放式养殖"
1468,2015-05-01,初始登记,渔业用海,开放式养殖用海,"开放式养殖"
1469,2011-06-01,初始登记,渔业用海,围海养殖用海,"围海养殖"
1470,2013-04-01,初始登记,交通运输用海,港口用海,"透水构筑物"
1471,2015-05-01,初始登记,交通运输用海,港口用海,"港池、蓄水等"
1472,2013-04-01,初始登记,交通运输用海,港口用海,"港池、蓄水等"
1473,2015-06-01,初始登记,交通运输用海,港口用海,"透水构筑物"
1474,2012-05-01,变更登记,渔业用海,开放式养殖用海,"开放式养殖"
1475,2013-06-01,变更登记,渔业用海,围海养殖用海,"围海养殖"
1476,2016-05-01,变更登记,渔业用海,围海养殖用海,"围海养殖"
1477,2015-03-01,变更登记,渔业用海,围海养殖用海,"围海养殖"
1478,2012-05-01,变更登记,渔业用海,围海养殖用海,"围海养殖"
1479,2016-05-01,变更登记,渔业用海,围海养殖用海,"围海养殖"
1480,2012-05-01,变更登记,渔业用海,开放式养殖用海,"开放式养殖"
1481,2010-06-01,变更登记,渔业用海,开放式养殖用海,"开放式养殖"
1482,2015-06-01,变更登记,渔业用海,开放式养殖用海,"开放式养殖"
1483,2016-02-01,变更登记,渔业用海,开放式养殖用海,"开放式养殖"
1484,2011-06-01,变更登记,渔业用海,围海养殖用海,"围海养殖"
1485,2016-04-01,变更登记,造地工程用海,城镇建设填海造地用海,"建设填海造地"
1486,2016-05-01,变更登记,渔业用海,围海养殖用海,"围海养殖"
1487,2011-06-01,变更登记,渔业用海,开放式养殖用海,"开放式养殖"
1488,2012-04-01,变更登记,渔业用海,开放式养殖用海,"开放式养殖"
1489,2012-02-01,变更登记,渔业用海,开放式养殖用海,"开放式养殖"
1490,2015-04-01,变更登记,渔业用海,开放式养殖用海,"开放式养殖"
1491,2015-06-01,变更登记,工业用海,其它工业用海,"建设填海造地"
1492,2012-06-01,变更登记,渔业用海,开放式养殖用海,"开放式养殖"
1493,2012-04-01,变更登记,渔业用海,开放式养殖用海,"开放式养殖"
1494,2014-03-01,变更登记,工业用海,其它工业用海,"建设填海造地"
1495,2012-04-01,变更登记,渔业用海,开放式养殖用海,"开放式养殖"
1496,2014-04-01,变更登记,渔业用海,开放式养殖用海,"开放式养殖"
1497,2013-02-01,变更登记,渔业用海,开放式养殖用海,"开放式养殖"
1498,2010-04-01,变更登记,渔业用海,开放式养殖用海,"开放式养殖"
1499,2016-05-01,变更登记,渔业用海,开放式养殖用海,"开放式养殖"
1500,2010-06-01,初始登记,渔业用海,围海养殖用海,"围海养殖"
1501,2015-03-01,初始登记,工业用海,电力工业用海,"非透水构筑物"
1502,2014-06-01,初始登记,工业用海,电力工业用海,"非透水构筑物"
1503,2016-06-01,初始登记,工业用海,电力工业用海,"非透水构筑物"
1504,2014-03-01,初始登记,工业用海,电力工业用海,"非透水构筑物"
1505,2012-04-01,初始登记,工业用海,电力工业用海,"非透水构筑物"
1506,2014-02-01,初始登记,工业用海,电力工业用海,"非透水构筑物"
1507,2016-02-01,初始登记,工业用海,电力工业用海,"非透水构筑物"
1508,2016-02-01,初始登记,工业用海,电力工业用海,"非透水构筑物"
1509,2014-06-01,初始登记,工业用海,电力工业用海,"非透水构筑物"
1510,2015-06-01,初始登记,工业用海,电力工业用海,"非透水构筑物"
1511,2012-05-01,初始登记,工业用海,电力工业用海,"非透水构筑物"
1512,2012-06-01,变更登记,渔业用海,围海养殖用海,"围海养殖"
1513,2012-05-01,初始登记,排污倾倒用海,污水达标排放用海,"污水达标排放"
1514,2014-04-01,初始登记,工业用海,电力工业用海,"非透水构筑物"
1515,2016-04-01,初始登记,工业用海,电力工业用海,"非透水构筑物"
1516,2012-03-01,初始登记,工业用海,电力工业用海,"非透水构筑物"
1517,2014-04-01,初始登记,工业用海,电力工业用海,"非透水构筑物"
1518,2014-06-01,初始登记,工业用海,电力工业用海,"非透水构筑物"
1519,2012-04-01,初始登记,工业用海,电力工业用海,"非透水构筑物"
1520,2014-05-01,初始登记,工业用海,电力工业用海,"非透水构筑物"
1521,2016-06-01,初始登记,工业用海,电力工业用海,"非透水构筑物"
1522,2011-05-01,初始登记,工业用海,电力工业用海,"非透水构筑物"
1523,2016-05-01,初始登记,工业用海,电力工业用海,"非透水构筑物"
1524,2016-04-01,初始登记,工业用海,电力工业用海,"非透水构筑物"
1525,2014-05-01,初始登记,工业用海,电力工业用海,"非透水构筑物"
1526,2014-04-01,初始登记,工业用海,电力工业用海,"非透水构筑物"
1527,2011-03-01,初始登记,工业用海,电力工业用海,"非透水构筑物"
1528,2015-06-01,初始登记,工业用海,电力工业用海,"非透水构筑物"
1529,2016-06-01,初始登记,工业用海,电力工业用海,"非透水构筑物"
1530,2012-05-01,初始登记,工业用海,电力工业用海,"非透水构筑物"
1531,2012-02-01,变更登记,渔业用海,围海养殖用海,"围海养殖"
1532,2013-05-01,初始登记,工业用海,电力工业用海,"非透水构筑物"
1533,2015-05-01,初始登记,工业用海,电力工业用海,"非透水构筑物"
1534,2015-03-01,初始登记,渔业用海,渔业基础设施用海,"建设填海造地"
1535,2015-05-01,初始登记,工业用海,电力工业用海,"非透水构筑物"
1536,2014-05-01,变更登记,工业用海,其它工业用海,"建设填海造地"
1537,2011-02-01,变更登记,渔业用海,围海养殖用海,"围海养殖"
1538,2015-03-01,变更登记,渔业用海,开放式养殖用海,"开放式养殖"
1539,2015-02-01,变更登记,特殊用海,科研教学用海,"开放式养殖"
1540,2012-06-01,初始登记,渔业用海,围海养殖用海,"围海养殖"
1541,2015-05-01,变更登记,渔业用海,开放式养殖用海,"开放式养殖"
1542,2015-05-01,初始登记,渔业用海,开放式养殖用海,"开放式养殖"
1543,2011-06-01,初始登记,渔业用海,开放式养殖用海,"开放式养殖"
1544,2015-06-01,初始登记,渔业用海,开放式养殖用海,"开放式养殖"
1545,2013-05-01,初始登记,渔业用海,开放式养殖用海,"开放式养殖"
1546,2015-05-01,初始登记,渔业用海,开放式养殖用海,"开放式养殖"
1547,2016-06-01,变更登记,渔业用海,围海养殖用海,"围海养殖"
1548,2014-04-01,初始登记,工业用海,电力工业用海,"非透水构筑物"
1549,2012-04-01,初始登记,工业用海,电力工业用海,"非透水构筑物"
1550,2016-04-01,初始登记,工业用海,电力工业用海,"非透水构筑物"
1551,2012-06-01,初始登记,工业用海,电力工业用海,"非透水构筑物"
1552,2010-05-01,变更登记,渔业用海,开放式养殖用海,"开放式养殖"
1553,2015-05-01,变更登记,渔业用海,开放式养殖用海,"开放式养殖"
1554,2013-05-01,变更登记,渔业用海,围海养殖用海,"非透水构筑物"
1555,2016-05-01,变更登记,渔业用海,围海养殖用海,"非透水构筑物"
1556,2016-02-01,变更登记,渔业用海,围海养殖用海,"围海养殖"
1557,2012-05-01,变更登记,渔业用海,围海养殖用海,"围海养殖"
1558,2014-06-01,初始登记,交通运输用海,港口用海,"透水构筑物"
1559,2013-03-01,变更登记,渔业用海,开放式养殖用海,"开放式养殖"
1560,2015-06-01,变更登记,渔业用海,开放式养殖用海,"开放式养殖"
1561,2016-02-01,初始登记,渔业用海,开放式养殖用海,"开放式养殖"
1562,2013-04-01,变更登记,渔业用海,开放式养殖用海,"开放式养殖"
1563,2015-06-01,变更登记,渔业用海,围海养殖用海,"围海养殖"
1564,2015-05-01,变更登记,渔业用海,围海养殖用海,"围海养殖"
1565,2015-04-01,变更登记,渔业用海,围海养殖用海,"围海养殖"
1566,2015-06-01,变更登记,渔业用海,围海养殖用海,"围海养殖"
1567,2012-05-01,变更登记,渔业用海,开放式养殖用海,"开放式养殖"
1568,2015-04-01,变更登记,渔业用海,开放式养殖用海,"开放式养殖"
1569,2016-04-01,初始登记,工业用海,电力工业用海,"透水构筑物"
1570,2013-06-01,变更登记,渔业用海,开放式养殖用海,"开放式养殖"
1571,2011-04-01,变更登记,渔业用海,开放式养殖用海,"开放式养殖"
1572,2016-05-01,变更登记,渔业用海,开放式养殖用海,"开放式养殖"
1573,2012-04-01,变更登记,渔业用海,开放式养殖用海,"开放式养殖"
1574,2012-06-01,初始登记,工业用海,电力工业用海,"非透水构筑物"
1575,2016-04-01,初始登记,工业用海,电力工业用海,"非透水构筑物"
1576,2015-04-01,初始登记,工业用海,电力工业用海,"非透水构筑物"
1577,2015-04-01,初始登记,工业用海,电力工业用海,"非透水构筑物"
1578,2015-04-01,初始登记,工业用海,电力工业用海,"非透水构筑物"
1579,2012-06-01,初始登记,工业用海,电力工业用海,"非透水构筑物"
1580,2016-03-01,初始登记,工业用海,电力工业用海,"非透水构筑物"
1581,2015-06-01,初始登记,工业用海,电力工业用海,"非透水构筑物"
1582,2015-05-01,初始登记,工业用海,电力工业用海,"非透水构筑物"
1583,2013-05-01,初始登记,工业用海,电力工业用海,"非透水构筑物"
1584,2012-04-01,初始登记,渔业用海,围海养殖用海,"围海养殖"
1585,2014-06-01,初始登记,渔业用海,围海养殖用海,"围海养殖"
1586,2016-05-01,变更登记,渔业用海,开放式养殖用海,"开放式养殖"
1587,2015-06-01,初始登记,工业用海,电力工业用海,"非透水构筑物"
1588,2012-03-01,变更登记,渔业用海,开放式养殖用海,"开放式养殖"
1589,2011-06-01,变更登记,渔业用海,开放式养殖用海,"开放式养殖"
1590,2015-06-01,变更登记,渔业用海,开放式养殖用海,"开放式养殖"
1591,2015-04-01,变更登记,渔业用海,开放式养殖用海,"开放式养殖"
1592,2011-06-01,变更登记,渔业用海,开放式养殖用海,"开放式养殖"
1593,2016-05-01,变更登记,造地工程用海,城镇建设填海造地用海,"建设填海造地"
1594,2013-04-01,变更登记,渔业用海,开放式养殖用海,"开放式养殖"
1595,2016-05-01,初始登记,渔业用海,开放式养殖用海,"开放式养殖"
1596,2011-04-01,变更登记,渔业用海,开放式养殖用海,"开放式养殖"
1597,2016-04-01,初始登记,渔业用海,围海养殖用海,"围海养殖"
1598,2014-05-01,变更登记,渔业用海,开放式养殖用海,"开放式养殖"
1599,2014-06-01,初始登记,工业用海,电力工业用海,"非透水构筑物"
1600,2012-06-01,变更登记,渔业用海,开放式养殖用海,"开放式养殖"
1601,2014-04-01,变更登记,渔业用海,围海养殖用海,"围海养殖"
1602,2013-05-01,变更登记,渔业用海,开放式养殖用海,"开放式养殖"
1603,2016-06-01,变更登记,渔业用海,围海养殖用海,"围海养殖"
1604,2016-06-01,变更登记,渔业用海,开放式养殖用海,"开放式养殖"
1605,2011-06-01,变更登记,渔业用海,开放式养殖用海,"开放式养殖"
1606,2015-02-01,变更登记,渔业用海,开放式养殖用海,"开放式养殖"
1607,2015-05-01,变更登记,渔业用海,开放式养殖用海,"开放式养殖"
1608,2016-06-01,变更登记,渔业用海,开放式养殖用海,"开放式养殖"
1609,2012-05-01,初始登记,渔业用海,开放式养殖用海,"开放式养殖"
1610,2016-04-01,初始登记,渔业用海,开放式养殖用海,"开放式养殖"
1611,2016-04-01,初始登记,渔业用海,开放式养殖用海,"开放式养殖"
1612,2016-04-01,初始登记,渔业用海,开放式养殖用海,"开放式养殖"
1613,2016-06-01,变更登记,渔业用海,开放式养殖用海,"开放式养殖"
1614,2016-05-01,初始登记,工业用海,电力工业用海,"非透水构筑物"
1615,2015-03-01,初始登记,工业用海,电力工业用海,"非透水构筑物"
1616,2014-04-01,初始登记,工业用海,电力工业用海,"非透水构筑物"
1617,2015-06-01,初始登记,工业用海,电力工业用海,"非透水构筑物"
1618,2014-04-01,初始登记,工业用海,电力工业用海,"非透水构筑物"
1619,2013-06-01,变更登记,渔业用海,开放式养殖用海,"开放式养殖"
1620,2013-06-01,变更登记,造地工程用海,城镇建设填海造地用海,"建设填海造地"
1621,2016-05-01,初始登记,渔业用海,围海养殖用海,"围海养殖"
1622,2015-05-01,初始登记,旅游娱乐用海,旅游基础设施用海,"建设填海造地"
1623,2015-02-01,初始登记,旅游娱乐用海,旅游基础设施用海,"建设填海造地"
1624,2012-05-01,初始登记,旅游娱乐用海,旅游基础设施用海,"围海养殖"
1625,2013-04-01,初始登记,旅游娱乐用海,旅游基础设施用海,"建设填海造地"
1626,2012-03-01,变更登记,交通运输用海,港口用海,"建设填海造地"
1627,2014-06-01,初始登记,工业用海,电力工业用海,"非透水构筑物"
1628,2012-04-01,初始登记,工业用海,电力工业用海,"非透水构筑物"
1629,2016-04-01,变更登记,渔业用海,围海养殖用海,"围海养殖"
1630,2015-03-01,初始登记,旅游娱乐用海,旅游基础设施用海,"建设填海造地"
1631,2016-05-01,变更登记,渔业用海,开放式养殖用海,"开放式养殖"
1632,2016-05-01,变更登记,渔业用海,开放式养殖用海,"开放式养殖"
1633,2016-02-01,初始登记,渔业用海,开放式养殖用海,"开放式养殖"
1634,2012-02-01,初始登记,渔业用海,开放式养殖用海,"开放式养殖"
1635,2015-05-01,变更登记,渔业用海,开放式养殖用海,"开放式养殖"
1636,2014-06-01,初始登记,渔业用海,开放式养殖用海,"开放式养殖"
1637,2015-05-01,初始登记,特殊用海,科研教学用海,"围海养殖"
1638,2016-03-01,初始登记,造地工程用海,城镇建设填海造地用海,"建设填海造地"
1639,2015-02-01,变更登记,渔业用海,开放式养殖用海,"开放式养殖"
1640,2015-05-01,变更登记,渔业用海,开放式养殖用海,"开放式养殖"
1641,2012-06-01,变更登记,渔业用海,开放式养殖用海,"开放式养殖"
1642,2015-04-01,变更登记,渔业用海,开放式养殖用海,"开放式养殖"
1643,2015-05-01,变更登记,渔业用海,开放式养殖用海,"开放式养殖"
1644,2011-04-01,变更登记,渔业用海,开放式养殖用海,"开放式养殖"
1645,2012-03-01,变更登记,渔业用海,开放式养殖用海,"开放式养殖"
1646,2013-05-01,变更登记,渔业用海,开放式养殖用海,"开放式养殖"
1647,2013-04-01,初始登记,渔业用海,开放式养殖用海,"开放式养殖"
1648,2015-02-01,初始登记,渔业用海,开放式养殖用海,"开放式养殖"
1649,2013-05-01,变更登记,渔业用海,开放式养殖用海,"开放式养殖"
1650,2016-06-01,变更登记,渔业用海,开放式养殖用海,"开放式养殖"
1651,2010-04-01,变更登记,渔业用海,开放式养殖用海,"开放式养殖"
1652,2011-06-01,变更登记,渔业用海,开放式养殖用海,"开放式养殖"
1653,2016-03-01,变更登记,渔业用海,开放式养殖用海,"开放式养殖"
1654,2012-06-01,初始登记,渔业用海,开放式养殖用海,"开放式养殖"
1655,2016-05-01,变更登记,渔业用海,开放式养殖用海,"开放式养殖"
1656,2013-05-01,变更登记,渔业用海,开放式养殖用海,"开放式养殖"
1657,2011-05-01,变更登记,渔业用海,开放式养殖用海,"开放式养殖"
1658,2012-04-01,变更登记,渔业用海,开放式养殖用海,"41、开放式养殖"
1659,2012-06-01,变更登记,渔业用海,开放式养殖用海,"41、开放式养殖"
1660,2016-05-01,初始登记,工业用海,海水综合利用用海,"建设填海造地"
1661,2016-06-01,变更登记,渔业用海,开放式养殖用海,"开放式养殖"
1662,2016-04-01,变更登记,渔业用海,开放式养殖用海,"开放式养殖"
1663,2014-03-01,变更登记,渔业用海,开放式养殖用海,"开放式养殖"
1664,2013-04-01,初始登记,其它用海," ","透水构筑物"
1665,2016-04-01,初始登记,其它用海," ","透水构筑物"
1666,2016-06-01,初始登记,其它用海," ","透水构筑物"
1667,2015-06-01,变更登记,渔业用海,开放式养殖用海,"开放式养殖"
1668,2013-06-01,变更登记,渔业用海,开放式养殖用海,"开放式养殖"
1669,2014-05-01,变更登记,渔业用海,开放式养殖用海,"开放式养殖"
1670,2015-06-01,变更登记,渔业用海,开放式养殖用海,"开放式养殖"
1671,2014-04-01,变更登记,渔业用海,开放式养殖用海,"开放式养殖"
1672,2014-04-01,变更登记,渔业用海,开放式养殖用海,"开放式养殖"
1673,2015-06-01,变更登记,渔业用海,开放式养殖用海,"开放式养殖"
1674,2016-05-01,变更登记,渔业用海,开放式养殖用海,"开放式养殖"
1675,2010-06-01,初始登记,工业用海,电力工业用海,"非透水构筑物"
1676,2012-04-01,初始登记,工业用海,电力工业用海,"非透水构筑物"
1677,2012-06-01,初始登记,工业用海,电力工业用海,"海底电缆管道"
1678,2015-02-01,初始登记,工业用海,电力工业用海,"透水构筑物"
1679,2014-06-01,初始登记,工业用海,电力工业用海,"透水构筑物"
1680,2015-05-01,初始登记,工业用海,电力工业用海,"建设填海造地"
1681,2015-03-01,初始登记,工业用海,电力工业用海,"建设填海造地"
1682,2015-06-01,初始登记,工业用海,电力工业用海,"建设填海造地"
1683,2015-06-01,初始登记,工业用海,电力工业用海,"建设填海造地"
1684,2012-06-01,初始登记,工业用海,电力工业用海,"建设填海造地"
1685,2013-06-01,初始登记,工业用海,电力工业用海,"建设填海造地"
1686,2012-02-01,初始登记,工业用海,电力工业用海,"建设填海造地"
1687,2013-06-01,变更登记,渔业用海,开放式养殖用海,"开放式养殖"
1688,2014-04-01,变更登记,渔业用海,开放式养殖用海,"开放式养殖"
1689,2012-05-01,变更登记,渔业用海,开放式养殖用海,"开放式养殖"
1690,2013-06-01,变更登记,渔业用海,开放式养殖用海,"开放式养殖"
1691,2013-06-01,变更登记,渔业用海,开放式养殖用海,"开放式养殖"
1692,2015-06-01,初始登记,渔业用海,围海养殖用海,"围海养殖"
1693,2013-04-01,变更登记,渔业用海,开放式养殖用海,"开放式养殖"
1694,2015-05-01,变更登记,工业用海,电力工业用海,"透水构筑物"
1695,2014-02-01,变更登记,渔业用海,开放式养殖用海,"开放式养殖"
1696,2016-05-01,变更登记,造地工程用海,城镇建设填海造地用海,"建设填海造地"
1697,2015-06-01,变更登记,渔业用海,开放式养殖用海,"开放式养殖"
1698,2013-06-01,变更登记,渔业用海,开放式养殖用海,"开放式养殖"
1699,2016-05-01,变更登记,渔业用海,开放式养殖用海,"开放式养殖"
1700,2015-06-01,变更登记,渔业用海,开放式养殖用海,"开放式养殖"
1701,2015-04-01,变更登记,渔业用海,开放式养殖用海,"开放式养殖"
1702,2010-04-01,变更登记,渔业用海,开放式养殖用海,"开放式养殖"
1703,2013-06-01,变更登记,渔业用海,开放式养殖用海,"开放式养殖"
1704,2016-03-01,变更登记,渔业用海,开放式养殖用海,"开放式养殖"
1705,2013-03-01,变更登记,渔业用海,开放式养殖用海,"开放式养殖"
1706,2015-06-01,变更登记,渔业用海,开放式养殖用海,"开放式养殖"
1707,2014-04-01,变更登记,渔业用海,开放式养殖用海,"开放式养殖"
1708,2011-05-01,初始登记,工业用海,电力工业用海,"透水构筑物"
1709,2014-04-01,变更登记,渔业用海,开放式养殖用海,"开放式养殖"
1710,2015-05-01,变更登记,渔业用海,开放式养殖用海,"开放式养殖"
1711,2016-02-01,变更登记,渔业用海,开放式养殖用海,"开放式养殖"
1712,2014-05-01,初始登记,特殊用海,科研教学用海,"透水构筑物"
1713,2012-06-01,变更登记,渔业用海,开放式养殖用海,"开放式养殖"
1714,2015-02-01,变更登记,工业用海,其它工业用海,"建设填海造地"
1715,2015-03-01,变更登记,工业用海,其它工业用海,"建设填海造地"
1716,2015-03-01,变更登记,工业用海,其它工业用海,"建设填海造地"
1717,2012-06-01,变更登记,渔业用海,开放式养殖用海,"开放式养殖"
1718,2014-06-01,初始登记,工业用海,海水综合利用用海,"建设填海造地"
1719,2012-04-01,变更登记,渔业用海,开放式养殖用海,"开放式养殖"
1720,2012-04-01,变更登记,渔业用海,开放式养殖用海,"开放式养殖"
1721,2014-02-01,变更登记,工业用海,其它工业用海,"建设填海造地"
1722,2012-06-01,变更登记,工业用海,其它工业用海,"建设填海造地"
1723,2012-06-01,变更登记,工业用海,其它工业用海,"建设填海造地"
1724,2013-05-01,变更登记,工业用海,其它工业用海,"建设填海造地"
1725,2012-05-01,变更登记,渔业用海,开放式养殖用海,"开放式养殖"
1726,2016-05-01,变更登记,渔业用海,开放式养殖用海,"开放式养殖"
1727,2010-05-01,变更登记,渔业用海,开放式养殖用海,"开放式养殖"
1728,2014-06-01,变更登记,渔业用海,开放式养殖用海,"开放式养殖"
1729,2011-05-01,初始登记,其它用海," ","非透水构筑物"
1730,2014-05-01,初始登记,其它用海," ","非透水构筑物"
1731,2012-05-01,初始登记,其它用海," ","非透水构筑物"
1732,2012-05-01,初始登记,其它用海," ","非透水构筑物"
1733,2011-04-01,变更登记,渔业用海,开放式养殖用海,"开放式养殖"
1734,2011-06-01,变更登记,渔业用海,开放式养殖用海,"开放式养殖"
1735,2012-05-01,变更登记,渔业用海,开放式养殖用海,"开放式养殖"
1736,2016-06-01,变更登记,交通运输用海,港口用海,"建设填海造地"
1737,2010-03-01,初始登记,交通运输用海,港口用海,"透水构筑物"
1738,2013-06-01,初始登记,交通运输用海,港口用海,"港池、蓄水等"
1739,2016-05-01,初始登记,交通运输用海,港口用海,"透水构筑物"
1740,2012-06-01,初始登记,交通运输用海,港口用海,"港池、蓄水等"
1741,2014-06-01,变更登记,渔业用海,开放式养殖用海,"开放式养殖"
1742,2015-05-01,变更登记,渔业用海,开放式养殖用海,"开放式养殖"
1743,2015-06-01,变更登记,渔业用海,开放式养殖用海,"开放式养殖"
1744,2015-03-01,初始登记,渔业用海,开放式养殖用海,"开放式养殖"
1745,2014-06-01,变更登记,交通运输用海,路桥用海,"跨海桥梁、海底隧道等"
1746,2016-03-01,变更登记,渔业用海,围海养殖用海,"围海养殖"
1747,2013-03-01,变更登记,渔业用海,开放式养殖用海,"开放式养殖"
1748,2014-04-01,变更登记,工业用海,电力工业用海,"透水构筑物"
1749,2015-05-01,变更登记,渔业用海,开放式养殖用海,"开放式养殖"
1750,2014-06-01,初始登记,造地工程用海,城镇建设填海造地用海,"建设填海造地"
1751,2013-05-01,初始登记,渔业用海,围海养殖用海,"围海养殖"
1752,2011-05-01,初始登记,渔业用海,围海养殖用海,"围海养殖"
1753,2010-06-01,初始登记,渔业用海,围海养殖用海,"围海养殖"
1754,2011-02-01,初始登记,渔业用海,围海养殖用海,"围海养殖"
1755,2010-04-01,初始登记,渔业用海,围海养殖用海,"围海养殖"
1756,2011-06-01,初始登记,渔业用海,围海养殖用海,"围海养殖"
1757,2016-05-01,初始登记,渔业用海,围海养殖用海,"围海养殖"
1758,2016-05-01,初始登记,造地工程用海,城镇建设填海造地用海,"建设填海造地"
1759,2016-05-01,初始登记,造地工程用海,城镇建设填海造地用海,"建设填海造地"
1760,2012-06-01,初始登记,造地工程用海,城镇建设填海造地用海,"建设填海造地"
1761,2014-05-01,初始登记,造地工程用海,城镇建设填海造地用海,"建设填海造地"
1762,2011-06-01,初始登记,渔业用海,围海养殖用海,"围海养殖"
1763,2012-06-01,变更登记,渔业用海,开放式养殖用海,"开放式养殖"
1764,2016-06-01,变更登记,渔业用海,开放式养殖用海,"开放式养殖"
1765,2016-06-01,初始登记,渔业用海,开放式养殖用海,"开放式养殖"
1766,2012-05-01,变更登记,渔业用海,围海养殖用海,"围海养殖"
1767,2013-06-01,变更登记,交通运输用海,港口用海,"透水构筑物"
1768,2016-05-01,变更登记,工业用海,其它工业用海,"建设填海造地"
1769,2010-03-01,变更登记,工业用海,其它工业用海,"建设填海造地"
1770,2012-06-01,变更登记,工业用海,其它工业用海,"建设填海造地"
1771,2013-06-01,初始登记,渔业用海,开放式养殖用海,"开放式养殖"
1772,2011-06-01,初始登记,渔业用海,开放式养殖用海,"开放式养殖"
1773,2011-06-01,初始登记,渔业用海,开放式养殖用海,"开放式养殖"
1774,2011-05-01,变更登记,渔业用海,开放式养殖用海,"开放式养殖"
1775,2016-04-01,初始登记,渔业用海,开放式养殖用海,"开放式养殖"
1776,2011-05-01,初始登记,工业用海,电力工业用海,"建设填海造地"
1777,2015-05-01,初始登记,渔业用海,开放式养殖用海,"开放式养殖"
1778,2015-06-01,初始登记,渔业用海,开放式养殖用海,"开放式养殖"
1779,2016-05-01,初始登记,渔业用海,开放式养殖用海,"开放式养殖"
1780,2012-04-01,初始登记,工业用海,电力工业用海,"建设填海造地"
1781,2013-04-01,初始登记,工业用海,电力工业用海,"建设填海造地"
1782,2013-02-01,初始登记,工业用海,电力工业用海,"建设填海造地"
1783,2012-04-01,初始登记,工业用海,电力工业用海,"建设填海造地"
1784,2015-05-01,初始登记,工业用海,电力工业用海,"建设填海造地"
1785,2015-05-01,初始登记,工业用海,电力工业用海,"建设填海造地"
1786,2016-06-01,初始登记,工业用海,电力工业用海,"建设填海造地"
1787,2015-06-01,初始登记,工业用海,电力工业用海,"建设填海造地"
1788,2013-06-01,初始登记,工业用海,电力工业用海,"透水构筑物"
1789,2010-06-01,初始登记,工业用海,电力工业用海,"海底电缆管道"
1790,2016-06-01,初始登记,工业用海,电力工业用海,"透水构筑物"
1791,2016-05-01,初始登记,渔业用海,围海养殖用海,"围海养殖"
1792,2014-06-01,初始登记,渔业用海,围海养殖用海,"围海养殖"
1793,2015-06-01,变更登记,渔业用海,开放式养殖用海,"开放式养殖"
1794,2016-03-01,初始登记,渔业用海,开放式养殖用海,"开放式养殖"
1795,2016-04-01,初始登记,渔业用海,开放式养殖用海,"开放式养殖"
1796,2011-06-01,变更登记,渔业用海,开放式养殖用海,"开放式养殖"
1797,2014-03-01,变更登记,渔业用海,开放式养殖用海,"开放式养殖"
1798,2013-05-01,初始登记,渔业用海,开放式养殖用海,"开放式养殖"
1799,2012-06-01,初始登记,渔业用海,开放式养殖用海,"开放式养殖"
1800,2015-04-01,变更登记,交通运输用海,港口用海,"非透水构筑物"
1801,2012-04-01,变更登记,渔业用海,围海养殖用海,"围海养殖"
1802,2014-05-01,变更登记,交通运输用海,港口用海,"港池、蓄水等"
1803,2011-05-01,变更登记,交通运输用海,港口用海,"透水构筑物"
1804,2016-02-01,变更登记,交通运输用海,港口用海,"透水构筑物"
1805,2016-04-01,变更登记,交通运输用海,港口用海,"透水构筑物"
1806,2015-05-01,变更登记,交通运输用海,港口用海,"非透水构筑物"
1807,2015-03-01,变更登记,工业用海,其它工业用海,"建设填海造地"
1808,2014-02-01,变更登记,工业用海,其它工业用海,"建设填海造地"
1809,2016-06-01,初始登记,渔业用海,开放式养殖用海,"开放式养殖"
1810,2013-06-01,初始登记,渔业用海,开放式养殖用海,"开放式养殖"
1811,2015-06-01,变更登记,交通运输用海,港口用海,"港池、蓄水等"
1812,2013-04-01,变更登记,交通运输用海,港口用海,"透水构筑物"
1813,2015-06-01,变更登记,交通运输用海,港口用海,"透水构筑物"
1814,2015-03-01,变更登记,交通运输用海,港口用海,"透水构筑物"
1815,2016-04-01,变更登记,交通运输用海,港口用海,"透水构筑物"
1816,2013-05-01,初始登记,渔业用海,围海养殖用海,"围海养殖"
1817,2014-06-01,初始登记,渔业用海,围海养殖用海,"围海养殖"
1818,2015-04-01,初始登记,渔业用海,围海养殖用海,"围海养殖"
1819,2016-06-01,变更登记,交通运输用海,港口用海,"港池、蓄水等"
1820,2013-02-01,变更登记,交通运输用海,港口用海,"透水构筑物"
1821,2014-03-01,变更登记,交通运输用海,港口用海,"建设填海造地"
1822,2016-06-01,初始登记,渔业用海,开放式养殖用海,"开放式养殖"
1823,2015-06-01,变更登记,渔业用海,围海养殖用海,"围海养殖"
1824,2013-06-01,初始登记,渔业用海,围海养殖用海,"围海养殖"
1825,2011-04-01,初始登记,渔业用海,围海养殖用海,"围海养殖"
1826,2010-05-01,初始登记,渔业用海,围海养殖用海,"围海养殖"
1827,2013-06-01,变更登记,渔业用海,开放式养殖用海,"开放式养殖"
1828,2015-05-01,变更登记,渔业用海,开放式养殖用海,"开放式养殖"
1829,2015-05-01,变更登记,渔业用海,开放式养殖用海,"开放式养殖"
1830,2013-06-01,变更登记,交通运输用海,港口用海,"建设填海造地"
1831,2015-05-01,变更登记,交通运输用海,港口用海,"建设填海造地"
1832,2014-04-01,初始登记,工业用海,电力工业用海,"透水构筑物"
1833,2012-04-01,变更登记,渔业用海,开放式养殖用海,"开放式养殖"
1834,2014-05-01,变更登记,渔业用海,开放式养殖用海,"开放式养殖"
1835,2013-04-01,变更登记,渔业用海,开放式养殖用海,"开放式养殖"
1836,2011-06-01,变更登记,渔业用海,围海养殖用海,"围海养殖"
1837,2014-04-01,变更登记,渔业用海,围海养殖用海,"围海养殖"
1838,2015-05-01,变更登记,渔业用海,开放式养殖用海,"开放式养殖"
1839,2015-02-01,初始登记,工业用海,电力工业用海,"透水构筑物"
1840,2016-05-01,初始登记,工业用海,电力工业用海,"透水构筑物"
1841,2016-05-01,初始登记,工业用海,电力工业用海,"透水构筑物"
1842,2012-04-01,初始登记,工业用海,电力工业用海,"透水构筑物"
1843,2014-06-01,初始登记,工业用海,电力工业用海,"透水构筑物"
1844,2015-04-01,初始登记,工业用海,电力工业用海,"透水构筑物"
1845,2015-05-01,初始登记,工业用海,电力工业用海,"透水构筑物"
1846,2013-06-01,初始登记,工业用海,电力工业用海,"透水构筑物"
1847,2010-03-01,初始登记,工业用海,电力工业用海,"透水构筑物"
1848,2012-05-01,初始登记,工业用海,电力工业用海,"透水构筑物"
1849,2014-05-01,初始登记,工业用海,电力工业用海,"透水构筑物"
1850,2013-04-01,初始登记,工业用海,电力工业用海,"透水构筑物"
1851,2012-05-01,初始登记,工业用海,电力工业用海,"透水构筑物"
1852,2010-06-01,初始登记,工业用海,电力工业用海,"透水构筑物"
1853,2012-05-01,变更登记,渔业用海,开放式养殖用海,"开放式养殖"
1854,2013-06-01,变更登记,渔业用海,开放式养殖用海,"开放式养殖"
1855,2011-06-01,变更登记,渔业用海,开放式养殖用海,"开放式养殖"
1856,2016-02-01,变更登记,渔业用海,开放式养殖用海,"开放式养殖"
1857,2010-05-01,变更登记,渔业用海,开放式养殖用海,"开放式养殖"
1858,2015-05-01,初始登记,工业用海,电力工业用海,"透水构筑物"
1859,2012-06-01,初始登记,工业用海,电力工业用海,"透水构筑物"
1860,2013-05-01,初始登记,工业用海,电力工业用海,"透水构筑物"
1861,2015-04-01,初始登记,工业用海,电力工业用海,"透水构筑物"
1862,2015-06-01,初始登记,工业用海,电力工业用海,"透水构筑物"
1863,2015-04-01,初始登记,工业用海,电力工业用海,"透水构筑物"
1864,2012-06-01,变更登记,渔业用海,开放式养殖用海,"开放式养殖"
1865,2010-06-01,初始登记,交通运输用海,港口用海,"建设填海造地"
1866,2014-06-01,变更登记,渔业用海,开放式养殖用海,"开放式养殖"
1867,2016-06-01,变更登记,工业用海,电力工业用海,"取、排水口"
1868,2012-04-01,变更登记,工业用海,电力工业用海,"取、排水口"
1869,2012-05-01,变更登记,工业用海,电力工业用海,"海底电缆管道"
1870,2015-05-01,变更登记,工业用海,电力工业用海,"海底电缆管道"
1871,2015-05-01,变更登记,工业用海,电力工业用海,"专用航道、锚地及其它开放式"
1872,2016-04-01,变更登记,工业用海,电力工业用海,"透水构筑物"
1873,2013-04-01,变更登记,工业用海,电力工业用海,"港池"
1874,2015-02-01,变更登记,工业用海,电力工业用海,"港池、蓄水等"
1875,2014-06-01,初始登记,交通运输用海,港口用海,"建设填海造地"
1876,2012-03-01,变更登记,渔业用海,开放式养殖用海,"开放式养殖"
1877,2013-06-01,变更登记,渔业用海,开放式养殖用海,"开放式养殖"
1878,2013-05-01,变更登记,渔业用海,开放式养殖用海,"开放式养殖"
1879,2011-06-01,变更登记,渔业用海,围海养殖用海,"围海养殖"
